4550,[2 1 1 0 2 0 0 2 0],0,-3
2815,[1 2 0 2 1 2 0 1 0],-2,-2
12711,[0 1 2 2 0 1 2 2 1],-1,-1
5765,[2 1 1 0 2 2 1 2 0],-1,-1
17933,[2 1 0 1 2 1 0 2 2],0,1
798,[0 2 1 2 0 0 1 0 0],0,2
19293,[0 2 1 0 1 1 2 2 2],0,1
16756,[1 2 1 2 2 2 1 1 2],0,1
5675,[2 1 0 0 1 2 1 2 0],-2,-2
12695,[2 1 0 2 0 1 2 2 1],0,1
16107,[0 2 1 2 0 0 1 1 2],0,-2
12969,[0 0 1 0 1 2 2 2 1],-1,-2
14311,[1 0 0 2 2 1 1 0 2],0,-2
14614,[1 2 0 1 0 0 2 0 2],-1,-3
8713,[1 0 2 1 2 2 2 0 1],0,1
7983,[0 0 2 1 2 2 1 0 1],0,-1
4329,[0 0 1 1 2 2 2 1 0],0,-2
18723,[0 1 1 0 0 2 1 2 2],0,-1
7264,[1 0 0 2 2 2 0 0 1],0,1
556,[1 2 1 2 0 2 0 0 0],0,-2
15775,[1 2 0 2 2 1 0 1 2],-1,-1
5688,[0 0 2 0 1 2 1 2 0],0,-3
943,[1 2 2 1 2 0 1 0 0],-1,1
4134,[0 1 0 0 0 2 2 1 0],2,0
7369,[1 2 2 2 0 0 1 0 1],0,-1
11771,[2 2 2 0 1 0 1 2 1],0,1
3381,[0 2 0 2 2 1 1 1 0],-2,-2
15027,[0 2 1 1 2 1 2 0 2],-1,-1
7049,[2 0 0 0 0 2 0 0 1],-2,0
18618,[0 2 1 2 1 1 1 2 2],0,1
11880,[0 0 0 2 2 0 1 2 1],-1,-1
8173,[1 0 2 2 1 0 2 0 1],0,1
1668,[0 1 2 1 2 0 2 0 0],0,1
13316,[2 1 0 1 2 0 0 0 2],0,1
15374,[2 0 1 2 0 0 0 1 2],-1,-1
1355,[2 1 0 2 1 2 1 0 0],0,-1
13630,[1 1 2 0 0 2 0 0 2],0,1
16900,[1 2 2 1 1 0 2 1 2],1,0
6215,[2 1 0 2 1 1 2 2 0],0,1
4676,[2 1 0 2 0 1 0 2 0],-2,-3
13525,[1 2 2 2 1 1 0 0 2],-2,-1
4241,[2 0 0 1 1 2 2 1 0],-2,-2
19408,[1 1 2 1 2 1 2 2 2],0,1
12888,[0 0 1 0 0 2 2 2 1],0,-2
18454,[1 1 1 2 2 0 1 2 2],0,1
11167,[1 2 1 2 2 0 0 2 1],0,1
13198,[1 1 2 2 0 0 0 0 2],-1,-3
596,[2 0 0 1 1 2 0 0 0],0,2
3864,[0 1 0 2 2 0 2 1 0],-1,-1
12285,[0 0 0 2 1 2 1 2 1],0,-1
4488,[0 2 0 1 1 0 0 2 0],0,-3
4845,[0 1 1 2 2 1 0 2 0],0,-1
12204,[0 0 0 2 0 2 1 2 1],0,-2
2083,[1 1 0 2 1 2 2 0 0],0,-1
491,[2 1 0 0 0 2 0 0 0],-2,0
9341,[2 2 2 0 1 2 0 1 1],0,1
2058,[0 2 0 1 1 2 2 0 0],0,-3
10873,[1 0 2 0 2 2 2 1 1],0,1
13497,[0 2 2 1 1 1 0 0 2],-1,1
9710,[2 2 1 2 2 0 1 1 1],0,1
15469,[1 2 2 2 1 0 0 1 2],-1,-1
964,[1 0 2 2 2 0 1 0 0],-2,-3
18350,[2 2 1 1 1 0 1 2 2],0,1
13765,[1 1 2 2 1 2 0 0 2],0,1
44,[2 2 1 1 0 0 0 0 0],0,-2
13571,[2 2 1 1 2 1 0 0 2],0,1
912,[0 1 2 0 2 0 1 0 0],0,-2
5148,[0 0 2 1 0 0 1 2 0],0,-2
17701,[1 2 1 1 2 0 0 2 2],0,1
15789,[0 1 2 2 2 1 0 1 2],-1,-1
12596,[2 1 1 1 2 0 2 2 1],-1,0
7350,[0 2 0 2 0 0 1 0 1],-1,1
13560,[0 2 0 1 2 1 0 0 2],-1,-1
16945,[1 2 1 0 2 0 2 1 2],-2,-1
13441,[1 1 2 2 0 1 0 0 2],0,-2
1843,[1 2 0 2 1 1 2 0 0],-2,-2
1213,[1 2 2 2 2 1 1 0 0],-2,-1
12451,[1 1 0 2 0 0 2 2 1],0,-1
13556,[2 0 0 1 2 1 0 0 2],0,1
8695,[1 0 0 1 2 2 2 0 1],2,0
4331,[2 0 1 1 2 2 2 1 0],-2,-1
15787,[1 0 2 2 2 1 0 1 2],-2,-1
17452,[1 0 1 1 2 2 2 1 2],-2,0
690,[0 2 1 1 2 2 0 0 0],-2,-3
18626,[2 1 2 2 1 1 1 2 2],-1,1
5583,[0 1 2 2 2 1 1 2 0],-1,-1
15450,[0 2 0 2 1 0 0 1 2],-2,-3
10278,[0 0 2 2 0 0 2 1 1],-1,-1
1591,[1 2 2 1 1 0 2 0 0],0,-1
1313,[2 2 1 0 1 2 1 0 0],-1,1
1615,[1 1 2 2 1 0 2 0 0],0,-1
8934,[0 2 2 0 2 0 0 1 1],2,0
18474,[0 2 0 0 0 1 1 2 2],0,-2
15923,[2 0 2 1 1 2 0 1 2],0,1
14413,[1 1 2 2 0 2 1 0 2],0,1
1260,[0 0 2 1 0 2 1 0 0],2,0
12790,[1 0 2 2 1 1 2 2 1],0,1
12773,[2 0 0 2 1 1 2 2 1],0,1
16967,[2 0 1 1 2 0 2 1 2],0,1
17187,[0 2 1 0 2 1 2 1 2],-2,-1
6437,[2 0 1 1 1 2 2 2 0],-2,-1
14436,[0 0 2 0 1 2 1 0 2],0,1
17191,[1 0 2 0 2 1 2 1 2],0,1
3597,[0 2 0 1 2 2 1 1 0],0,-1
6586,[1 2 2 0 0 0 0 0 1],0,-2
13874,[2 1 2 0 0 0 1 0 2],-1,-1
18280,[1 0 0 2 0 0 1 2 2],0,-2
11147,[2 1 2 1 2 0 0 2 1],-2,-1
14291,[2 2 0 1 2 1 1 0 2],0,1
3857,[2 1 2 1 2 0 2 1 0],0,1
8042,[2 1 2 0 0 0 2 0 1],-1,-1
18259,[1 2 0 1 0 0 1 2 2],-1,1
15891,[0 2 1 0 1 2 0 1 2],-2,-2
17172,[0 0 0 0 2 1 2 1 2],-1,-1
4754,[2 0 0 2 1 1 0 2 0],-2,-3
611,[2 2 1 1 1 2 0 0 0],-2,-2
12874,[1 1 2 2 2 1 2 2 1],0,1
11319,[0 2 0 2 1 1 0 2 1],0,-1
16754,[2 1 1 2 2 2 1 1 2],0,1
16684,[1 2 2 2 1 2 1 1 2],0,1
12426,[0 2 0 1 0 0 2 2 1],0,-2
13898,[2 0 2 1 0 0 1 0 2],-1,-1
10909,[1 0 0 2 2 2 2 1 1],0,1
14973,[0 2 1 2 1 1 2 0 2],-1,-1
16541,[2 2 1 0 0 2 1 1 2],1,0
18958,[1 1 0 0 0 0 2 2 2],0,1
12723,[0 2 0 0 1 1 2 2 1],0,-1
4183,[1 2 2 1 0 2 2 1 0],-1,-1
7458,[0 2 0 0 2 0 1 0 1],2,0
14949,[0 0 2 1 1 1 2 0 2],-1,1
651,[0 1 0 0 2 2 0 0 0],1,0
18228,[0 1 0 0 0 0 1 2 2],-2,-4
6,[0 2 0 0 0 0 0 0 0],0,-3
16099,[1 2 0 2 0 0 1 1 2],0,-2
16741,[1 0 0 2 2 2 1 1 2],0,1
18523,[1 0 0 2 0 1 1 2 2],-2,-2
3714,[0 2 1 2 0 0 2 1 0],-2,-3
5058,[0 0 1 1 2 2 0 2 0],-2,-3
910,[1 0 2 0 2 0 1 0 0],0,-4
3849,[0 2 1 1 2 0 2 1 0],0,-2
6174,[0 0 2 0 1 1 2 2 0],2,0
6022,[1 0 0 1 2 0 2 2 0],-1,-1
13420,[1 0 0 2 0 1 0 0 2],-2,0
5800,[1 1 2 1 2 2 1 2 0],-1,1
12367,[1 0 0 2 2 2 1 2 1],0,1
4518,[0 0 1 2 1 0 0 2 0],2,2
18396,[0 0 1 0 2 0 1 2 2],-1,-1
12567,[0 1 1 0 2 0 2 2 1],0,-1
4043,[2 0 2 2 1 1 2 1 0],0,1
1217,[2 0 0 0 0 2 1 0 0],-2,0
17116,[1 2 2 0 1 1 2 1 2],-1,0
17350,[1 2 1 0 1 2 2 1 2],-1,0
10911,[0 1 0 2 2 2 2 1 1],0,1
14680,[1 0 2 0 1 0 2 0 2],-1,-1
6035,[2 1 1 1 2 0 2 2 0],-2,-1
12197,[2 0 2 1 0 2 1 2 1],-1,-1
15824,[2 0 0 1 0 2 0 1 2],-1,-1
14118,[0 2 2 0 0 1 1 0 2],-2,-3
5126,[2 1 2 0 0 0 1 2 0],-2,-3
10958,[2 1 2 0 0 0 0 2 1],-2,-3
2258,[2 2 1 2 0 0 0 1 0],0,-2
18374,[2 1 1 2 1 0 1 2 2],0,1
14366,[2 0 0 1 0 2 1 0 2],-1,-1
18018,[0 0 1 1 0 2 0 2 2],0,-2
16664,[2 1 0 2 1 2 1 1 2],0,1
11885,[2 1 0 2 2 0 1 2 1],-2,-1
13266,[0 0 1 2 1 0 0 0 2],2,0
13024,[1 0 1 2 1 2 2 2 1],0,1
4823,[2 2 1 1 2 1 0 2 0],0,1
14173,[1 2 2 2 0 1 1 0 2],-2,-1
10761,[0 2 1 2 0 2 2 1 1],-1,-1
15193,[1 0 2 1 1 2 2 0 2],0,1
16749,[0 0 1 2 2 2 1 1 2],0,1
6043,[1 1 2 1 2 0 2 2 0],0,1
11173,[1 1 2 2 2 0 0 2 1],-1,-1
2698,[1 2 2 0 0 2 0 1 0],0,-2
12225,[0 1 2 2 0 2 1 2 1],-2,-1
10374,[0 2 0 0 2 0 2 1 1],0,-3
14274,[0 0 2 0 2 1 1 0 2],0,-3
11737,[1 0 2 2 0 0 1 2 1],0,-2
1960,[1 2 1 0 0 2 2 0 0],-2,-3
16353,[0 0 2 2 0 1 1 1 2],0,-2
1461,[0 1 0 0 0 0 2 0 0],2,0
7045,[1 2 2 2 2 1 0 0 1],-1,-1
4438,[1 0 1 2 0 0 0 2 0],-1,-1
5253,[0 2 1 2 1 0 1 2 0],-1,1
17458,[1 2 1 1 2 2 2 1 2],-1,1
4777,[1 2 2 2 1 1 0 2 0],1,0
5981,[2 1 1 2 1 0 2 2 0],0,1
5866,[1 2 0 1 0 0 2 2 0],-1,-1
13705,[1 2 1 0 1 2 0 0 2],-2,-2
15995,[2 0 1 1 2 2 0 1 2],0,1
2418,[0 2 1 2 2 0 0 1 0],-2,-3
15185,[2 0 1 1 1 2 2 0 2],-2,-1
10709,[2 2 1 0 0 2 2 1 1],-2,-1
14823,[0 0 0 0 0 1 2 0 2],-1,0
5562,[0 0 0 2 2 1 1 2 0],-2,-3
16359,[0 2 2 2 0 1 1 1 2],-2,-1
12819,[0 1 2 0 2 1 2 2 1],0,1
12296,[2 0 1 2 1 2 1 2 1],0,1
1302,[0 2 0 0 1 2 1 0 0],0,2
6567,[0 2 0 0 0 0 0 0 1],2,0
14169,[0 1 2 2 0 1 1 0 2],-2,-2
11118,[0 1 2 0 2 0 0 2 1],0,-3
4164,[0 2 0 1 0 2 2 1 0],-2,-3
10757,[2 0 1 2 0 2 2 1 1],0,1
806,[2 1 2 2 0 0 1 0 0],0,-2
456,[0 2 2 1 2 1 0 0 0],-1,-1
18491,[2 1 2 0 0 1 1 2 2],-1,-1
15012,[0 0 0 1 2 1 2 0 2],-1,-1
61,[1 2 0 2 0 0 0 0 0],-2,-1
19299,[0 1 2 0 1 1 2 2 2],0,1
12171,[0 1 2 0 0 2 1 2 1],-2,-2
5809,[1 1 0 2 2 2 1 2 0],0,1
2877,[0 2 1 1 2 2 0 1 0],-2,-2
4218,[0 2 0 0 1 2 2 1 0],0,-3
2813,[2 1 0 2 1 2 0 1 0],-1,1
17853,[0 2 0 1 1 1 0 2 2],-1,1
13493,[2 0 2 1 1 1 0 0 2],-1,1
13084,[1 2 1 1 2 2 2 2 1],0,1
5745,[0 1 2 2 1 2 1 2 0],-2,-1
2372,[2 1 2 0 2 0 0 1 0],-1,-1
19213,[1 2 1 0 0 1 2 2 2],0,1
18363,[0 1 0 2 1 0 1 2 2],-2,-2
17807,[2 1 1 2 0 1 0 2 2],-1,-1
13650,[0 2 1 1 0 2 0 0 2],0,-2
18904,[1 1 0 1 2 2 1 2 2],0,1
4325,[2 1 0 1 2 2 2 1 0],-1,-1
8733,[0 1 1 2 2 2 2 0 1],0,1
17083,[1 0 2 2 0 1 2 1 2],-1,-1
12915,[0 0 1 1 0 2 2 2 1],-2,-2
13910,[2 1 0 2 0 0 1 0 2],0,-2
11489,[2 1 1 2 0 2 0 2 1],-1,-1
8214,[0 2 0 1 2 0 2 0 1],-1,-1
7236,[0 0 0 1 2 2 0 0 1],0,-4
13869,[0 0 2 0 0 0 1 0 2],-1,0
7794,[0 0 2 0 0 2 1 0 1],-1,1
14063,[2 1 2 1 2 0 1 0 2],0,1
11116,[1 0 2 0 2 0 0 2 1],-1,-1
16198,[1 2 2 2 1 0 1 1 2],1,0
16796,[2 0 0 1 0 0 2 1 2],0,-2
3455,[2 2 2 1 0 2 1 1 0],0,1
16762,[1 1 2 2 2 2 1 1 2],0,1
7145,[2 2 1 0 1 2 0 0 1],-2,-2
3807,[0 0 0 0 2 0 2 1 0],-1,0
9461,[2 0 1 2 2 2 0 1 1],0,1
4574,[2 0 1 1 2 0 0 2 0],-1,-1
19147,[1 1 0 1 2 0 2 2 2],0,1
18685,[1 0 0 2 2 1 1 2 2],-2,-1
13585,[1 1 0 2 2 1 0 0 2],0,-2
411,[0 2 0 0 2 1 0 0 0],1,0
1206,[0 0 2 2 2 1 1 0 0],0,-3
10122,[0 2 2 2 1 2 1 1 1],0,1
17367,[0 2 0 1 1 2 2 1 2],-2,-1
17904,[0 1 0 0 2 1 0 2 2],-1,-1
13122,[0 0 0 0 0 0 0 0 2],0,-3
1034,[2 2 0 2 0 1 1 0 0],0,-2
4047,[0 2 2 2 1 1 2 1 0],-2,-1
7035,[0 2 1 2 2 1 0 0 1],-1,1
17235,[0 0 1 2 2 1 2 1 2],-2,-1
4786,[1 2 0 0 2 1 0 2 0],0,1
10899,[0 0 2 1 2 2 2 1 1],0,1
18910,[1 0 1 1 2 2 1 2 2],0,1
16809,[0 2 1 1 0 0 2 1 2],-2,-2
7020,[0 0 0 2 2 1 0 0 1],0,-4
5703,[0 2 0 1 1 2 1 2 0],0,-1
17746,[1 2 0 0 0 1 0 2 2],-1,-1
19354,[1 1 2 2 1 1 2 2 2],0,1
12524,[2 1 2 1 1 0 2 2 1],-1,0
8125,[1 2 2 0 1 0 2 0 1],0,1
14356,[1 0 2 0 0 2 1 0 2],0,1
350,[2 2 2 0 1 1 0 0 0],0,1
16943,[2 1 1 0 2 0 2 1 2],0,1
8683,[1 2 1 0 2 2 2 0 1],-1,-1
11521,[1 0 2 0 1 2 0 2 1],0,1
6304,[1 1 1 2 2 1 2 2 0],0,1
8177,[2 1 2 2 1 0 2 0 1],0,1
14068,[1 0 0 2 2 0 1 0 2],-2,-3
19564,[1 2 1 1 1 2 2 2 2],0,1
15001,[1 2 1 0 2 1 2 0 2],-2,-1
12195,[0 0 2 1 0 2 1 2 1],-2,-2
17596,[1 0 2 0 1 0 0 2 2],-1,-1
18324,[0 0 2 0 1 0 1 2 2],-2,-3
2490,[0 2 0 2 0 1 0 1 0],0,2
12965,[2 1 0 0 1 2 2 2 1],-2,-1
17653,[1 1 2 2 1 0 0 2 2],0,-1
3840,[0 2 0 1 2 0 2 1 0],0,-3
15847,[1 2 2 1 0 2 0 1 2],0,1
5918,[2 1 0 0 1 0 2 2 0],1,-1
16005,[0 1 2 1 2 2 0 1 2],0,1
2648,[2 0 0 2 2 1 0 1 0],-1,-1
794,[2 0 1 2 0 0 1 0 0],0,2
13603,[1 1 2 2 2 1 0 0 2],-2,-1
614,[2 0 2 1 1 2 0 0 0],-1,-1
17917,[1 2 1 0 2 1 0 2 2],0,1
12209,[2 1 0 2 0 2 1 2 1],-2,-1
17893,[1 0 2 2 1 1 0 2 2],-2,-1
6770,[2 0 2 1 2 0 0 0 1],-1,-1
462,[0 1 0 2 2 1 0 0 0],0,-2
12402,[0 0 1 0 0 0 2 2 1],0,-3
16515,[0 0 2 2 2 1 1 1 2],-2,-1
10680,[0 2 1 2 2 1 2 1 1],0,1
5162,[2 1 0 2 0 0 1 2 0],-2,-3
1602,[0 0 1 2 1 0 2 0 0],2,0
134,[2 2 2 1 1 0 0 0 0],0,1
16877,[2 0 0 1 1 0 2 1 2],0,-1
16499,[2 0 0 2 2 1 1 1 2],0,1
8334,[0 0 2 2 0 1 2 0 1],-1,-1
4974,[0 2 0 1 1 2 0 2 0],0,-2
14838,[0 2 1 0 0 1 2 0 2],-1,-3
16691,[2 1 0 0 2 2 1 1 2],0,1
18313,[1 2 0 0 1 0 1 2 2],0,-1
11415,[0 1 2 2 2 1 0 2 1],-2,-1
1760,[2 1 0 2 0 1 2 0 0],0,1
50,[2 1 2 1 0 0 0 0 0],0,-2
2777,[2 1 2 0 1 2 0 1 0],-1,1
15612,[0 2 0 2 0 1 0 1 2],-2,-3
16743,[0 1 0 2 2 2 1 1 2],0,1
11717,[2 2 2 1 0 0 1 2 1],0,1
6581,[2 0 2 0 0 0 0 0 1],-1,0
1632,[0 1 1 0 2 0 2 0 0],0,-2
12142,[1 0 2 2 2 1 1 2 1],1,0
18739,[1 0 0 1 0 2 1 2 2],-1,1
2612,[2 0 2 0 2 1 0 1 0],-1,-1
18425,[2 0 1 1 2 0 1 2 2],0,1
1539,[0 0 0 0 1 0 2 0 0],0,-1
17269,[1 2 1 0 0 2 2 1 2],-1,-1
16003,[1 0 2 1 2 2 0 1 2],0,1
18436,[1 1 2 1 2 0 1 2 2],0,1
12497,[2 1 2 0 1 0 2 2 1],-1,-1
14596,[1 2 1 0 0 0 2 0 2],-2,-3
1703,[2 0 0 0 0 1 2 0 0],-1,0
12304,[1 0 2 2 1 2 1 2 1],0,1
5335,[1 2 1 2 2 0 1 2 0],0,1
808,[1 2 2 2 0 0 1 0 0],0,-2
16782,[0 2 1 0 0 0 2 1 2],-2,-3
1666,[1 0 2 1 2 0 2 0 0],0,1
19036,[1 0 0 0 1 0 2 2 2],0,1
4499,[2 2 1 1 1 0 0 2 0],0,-1
19255,[1 1 0 2 0 1 2 2 2],0,1
4968,[0 0 0 1 1 2 0 2 0],0,2
18603,[0 0 0 2 1 1 1 2 2],-2,-2
5859,[0 0 0 1 0 0 2 2 0],-1,0
4855,[1 1 2 2 2 1 0 2 0],-2,-1
8483,[2 1 0 2 2 1 2 0 1],0,1
4461,[0 2 0 0 1 0 0 2 0],1,0
18687,[0 1 0 2 2 1 1 2 2],-2,-1
6037,[1 2 1 1 2 0 2 2 0],0,1
11041,[1 2 2 0 1 0 0 2 1],0,1
4460,[2 1 0 0 1 0 0 2 0],2,0
4510,[1 0 0 2 1 0 0 2 0],-2,0
11469,[0 1 2 1 0 2 0 2 1],-2,-2
17750,[2 0 1 0 0 1 0 2 2],-1,-1
3625,[1 2 0 2 2 2 1 1 0],0,1
2778,[0 2 2 0 1 2 0 1 0],-1,-1
3949,[1 2 0 2 0 1 2 1 0],-2,-2
13985,[2 2 2 1 1 0 1 0 2],0,1
163,[1 0 0 0 2 0 0 0 0],0,-1
4101,[0 2 2 1 2 1 2 1 0],0,1
15729,[0 2 1 0 2 1 0 1 2],2,0
1487,[2 0 0 1 0 0 2 0 0],-2,0
8286,[0 2 2 0 0 1 2 0 1],-1,-1
18291,[0 1 1 2 0 0 1 2 2],-1,-1
13903,[1 2 2 1 0 0 1 0 2],-1,1
13287,[0 1 0 0 2 0 0 0 2],-1,0
2808,[0 0 0 2 1 2 0 1 0],0,-3
17372,[2 0 1 1 1 2 2 1 2],-1,0
16697,[2 0 1 0 2 2 1 1 2],0,1
8118,[0 0 2 0 1 0 2 0 1],0,-2
15195,[0 1 2 1 1 2 2 0 2],0,1
4773,[0 1 2 2 1 1 0 2 0],0,-2
17563,[1 1 1 2 0 0 0 2 2],-1,1
4125,[0 1 2 2 2 1 2 1 0],0,1
13500,[0 0 0 2 1 1 0 0 2],2,0
14842,[1 0 2 0 0 1 2 0 2],-1,-1
3131,[2 2 2 1 2 0 1 1 0],0,1
9257,[2 1 2 0 0 2 0 1 1],0,-1
14563,[1 0 1 2 2 2 1 0 2],0,1
5525,[2 2 1 0 2 1 1 2 0],0,1
15031,[1 0 2 1 2 1 2 0 2],0,1
10883,[2 0 0 1 2 2 2 1 1],-2,-1
16819,[1 2 2 1 0 0 2 1 2],0,-1
16254,[0 0 0 2 2 0 1 1 2],-1,-1
4902,[0 2 1 1 0 2 0 2 0],-2,-3
952,[1 2 0 2 2 0 1 0 0],-1,-1
624,[0 1 0 2 1 2 0 0 0],0,-3
1776,[0 1 2 2 0 1 2 0 0],-1,-1
15871,[1 1 2 2 0 2 0 1 2],0,1
5760,[0 0 1 0 2 2 1 2 0],1,-1
18529,[1 2 0 2 0 1 1 2 2],-2,-1
4418,[2 2 1 1 0 0 0 2 0],0,-2
13624,[1 2 1 0 0 2 0 0 2],0,-2
15894,[0 0 2 0 1 2 0 1 2],0,1
9647,[2 2 0 0 2 0 1 1 1],0,1
12691,[1 0 0 2 0 1 2 2 1],0,-1
1986,[0 2 1 1 0 2 2 0 0],-2,-3
2147,[2 1 1 1 2 2 2 0 0],-2,-1
8603,[2 2 1 0 1 2 2 0 1],-2,-1
16046,[2 2 0 0 0 0 1 1 2],-1,-1
135,[0 0 0 2 1 0 0 0 0],0,-2
5150,[2 0 2 1 0 0 1 2 0],-1,-3
5781,[0 1 0 1 2 2 1 2 0],-1,-2
17443,[1 0 0 1 2 2 2 1 2],-2,-1
513,[0 0 0 1 0 2 0 0 0],0,-2
1274,[2 1 0 2 0 2 1 0 0],0,-2
16307,[2 2 2 0 0 1 1 1 2],0,1
17152,[1 2 0 2 1 1 2 1 2],-1,0
17142,[0 2 2 1 1 1 2 1 2],0,1
12341,[2 0 0 1 2 2 1 2 1],-1,-1
17353,[1 0 2 0 1 2 2 1 2],0,1
12587,[2 1 0 1 2 0 2 2 1],-2,-1
13417,[1 2 2 1 0 1 0 0 2],0,-1
4775,[2 1 2 2 1 1 0 2 0],-1,-1
11672,[2 2 0 0 0 0 1 2 1],-1,-1
8588,[2 0 0 0 1 2 2 0 1],-2,-3
11345,[2 1 0 0 2 1 0 2 1],-2,-2
12308,[2 1 2 2 1 2 1 2 1],-1,1
13952,[2 0 2 0 1 0 1 0 2],-1,-1
16778,[2 0 1 0 0 0 2 1 2],-1,-1
6723,[0 0 0 0 2 0 0 0 1],0,-1
8013,[0 1 2 2 2 2 1 0 1],0,1
10214,[2 2 0 0 0 0 2 1 1],-1,-1
6096,[0 1 2 0 0 1 2 2 0],-1,-1
19570,[1 1 2 1 1 2 2 2 2],0,1
17995,[1 1 1 0 0 2 0 2 2],-1,1
12654,[0 0 2 0 0 1 2 2 1],0,-2
7216,[1 2 0 0 2 2 0 0 1],-1,-1
19235,[2 0 1 1 0 1 2 2 2],0,1
18868,[1 1 2 2 1 2 1 2 2],0,1
1445,[2 1 1 2 2 2 1 0 0],0,1
5635,[1 0 2 1 0 2 1 2 0],-1,1
11089,[1 0 2 2 1 0 0 2 1],0,1
15627,[0 1 2 2 0 1 0 1 2],0,-2
3750,[0 2 2 0 1 0 2 1 0],0,-3
1774,[1 0 2 2 0 1 2 0 0],-2,-3
16768,[1 0 0 0 0 0 2 1 2],0,-2
4836,[0 1 0 2 2 1 0 2 0],0,-2
19363,[1 1 0 0 2 1 2 2 2],0,1
4771,[1 0 2 2 1 1 0 2 0],-2,-2
6965,[2 2 2 2 1 1 0 0 1],0,1
1290,[0 1 2 2 0 2 1 0 0],-1,-1
4986,[0 0 2 1 1 2 0 2 0],-2,-3
8638,[1 2 2 1 1 2 2 0 1],0,1
16975,[1 0 2 1 2 0 2 1 2],0,1
17928,[0 0 0 1 2 1 0 2 2],-1,-1
8442,[0 0 2 0 2 1 2 0 1],0,1
10781,[2 2 0 0 1 2 2 1 1],-1,-1
5399,[2 2 2 1 0 1 1 2 0],0,1
10148,[2 1 2 0 2 2 1 1 1],0,1
11467,[1 0 2 1 0 2 0 2 1],0,-1
9465,[0 2 1 2 2 2 0 1 1],0,1
9960,[0 2 2 2 2 1 1 1 1],0,1
19402,[1 2 1 1 2 1 2 2 2],0,1
13192,[1 2 1 2 0 0 0 0 2],-2,-3
6883,[1 2 2 2 0 1 0 0 1],0,-2
1642,[1 1 2 0 2 0 2 0 0],0,1
16853,[2 1 0 0 1 0 2 1 2],0,1
16196,[2 1 2 2 1 0 1 1 2],0,1
14791,[1 1 2 1 2 0 2 0 2],0,1
18095,[2 1 0 1 1 2 0 2 2],-1,-1
18379,[1 0 2 2 1 0 1 2 2],-2,-1
14321,[2 0 1 2 2 1 1 0 2],0,1
11459,[2 0 1 1 0 2 0 2 1],-2,-2
18531,[0 0 1 2 0 1 1 2 2],0,-2
7094,[2 0 2 1 0 2 0 0 1],-2,-3
12550,[1 1 2 2 1 0 2 2 1],0,1
14353,[1 2 1 0 0 2 1 0 2],0,-1
10118,[2 0 2 2 1 2 1 1 1],0,1
2880,[0 0 2 1 2 2 0 1 0],-1,-1
14893,[1 2 1 2 0 1 2 0 2],-2,-1
2652,[0 2 0 2 2 1 0 1 0],0,-2
11391,[0 2 2 1 2 1 0 2 1],0,1
9944,[2 2 0 2 2 1 1 1 1],0,1
18700,[1 2 1 2 2 1 1 2 2],0,1
5506,[1 2 2 2 1 1 1 2 0],-1,0
63,[0 0 1 2 0 0 0 0 0],2,0
13921,[1 2 1 2 0 0 1 0 2],0,-2
13054,[1 1 1 0 2 2 2 2 1],0,1
12156,[0 2 0 0 0 2 1 2 1],0,-2
4309,[1 2 1 0 2 2 2 1 0],-2,-1
12848,[2 1 2 1 2 1 2 2 1],0,1
3077,[2 2 2 2 1 0 1 1 0],0,1
1434,[0 1 0 2 2 2 1 0 0],1,1
8774,[2 2 2 0 0 0 0 1 1],0,1
5722,[1 2 2 1 1 2 1 2 0],0,1
10739,[2 0 2 1 0 2 2 1 1],0,-1
3629,[2 0 1 2 2 2 1 1 0],0,1
15920,[2 2 1 1 1 2 0 1 2],-1,0
2328,[0 2 0 2 1 0 0 1 0],0,2
6798,[0 1 2 2 2 0 0 0 1],-1,-1
6983,[2 2 1 0 2 1 0 0 1],-1,1
13471,[1 2 2 0 1 1 0 0 2],-2,-2
16812,[0 0 2 1 0 0 2 1 2],-1,-1
14331,[0 1 2 2 2 1 1 0 2],-2,-1
4957,[1 2 1 0 1 2 0 2 0],0,-1
4442,[2 1 1 2 0 0 0 2 0],-1,-3
14433,[0 2 1 0 1 2 1 0 2],-1,1
1609,[1 2 1 2 1 0 2 0 0],-2,-2
4525,[1 2 1 2 1 0 0 2 0],0,-1
18470,[2 0 0 0 0 1 1 2 2],0,-2
1756,[1 0 0 2 0 1 2 0 0],-2,0
5270,[2 1 0 0 2 0 1 2 0],0,-3
15413,[2 1 2 0 1 0 0 1 2],0,1
16275,[0 1 2 2 2 0 1 1 2],0,-1
12518,[2 2 1 1 1 0 2 2 1],-1,0
4782,[0 1 0 0 2 1 0 2 0],0,-2
1560,[0 1 2 0 1 0 2 0 0],0,-4
1477,[1 0 2 0 0 0 2 0 0],-1,0
16559,[2 2 0 1 0 2 1 1 2],-1,-1
12571,[1 2 1 0 2 0 2 2 1],0,1
11466,[0 0 2 1 0 2 0 2 1],0,-2
17075,[2 0 1 2 0 1 2 1 2],0,1
4375,[1 0 0 0 0 0 0 2 0],2,0
5592,[0 1 0 0 0 2 1 2 0],-2,0
15356,[2 0 2 1 0 0 0 1 2],-1,-1
1188,[0 0 0 2 2 1 1 0 0],0,-4
17870,[2 1 2 1 1 1 0 2 2],0,1
4217,[2 1 0 0 1 2 2 1 0],-1,1
14481,[0 0 1 2 1 2 1 0 2],0,1
13518,[0 0 2 2 1 1 0 0 2],0,-3
15156,[0 0 1 0 1 2 2 0 2],-2,-3
11085,[0 2 1 2 1 0 0 2 1],0,-1
3509,[2 2 2 0 1 2 1 1 0],0,1
13071,[0 1 0 1 2 2 2 2 1],-2,-1
5533,[1 2 2 0 2 1 1 2 0],0,1
11465,[2 2 1 1 0 2 0 2 1],-2,-1
16736,[2 1 2 1 2 2 1 1 2],0,1
19067,[2 1 0 1 1 0 2 2 2],0,1
8282,[2 0 2 0 0 1 2 0 1],-1,-1
2088,[0 0 1 2 1 2 2 0 0],2,-2
16963,[1 2 0 1 2 0 2 1 2],-2,-1
13434,[0 2 1 2 0 1 0 0 2],-1,-3
304,[1 2 0 2 0 1 0 0 0],-2,0
10266,[0 2 0 2 0 0 2 1 1],-1,-3
19525,[1 1 0 0 1 2 2 2 2],0,1
8701,[1 2 0 1 2 2 2 0 1],-1,-1
11375,[2 2 0 1 2 1 0 2 1],0,1
11346,[0 2 0 0 2 1 0 2 1],0,1
5864,[2 1 0 1 0 0 2 2 0],-2,-3
16015,[1 1 0 2 2 2 0 1 2],0,1
11154,[0 1 0 2 2 0 0 2 1],-2,-3
5035,[1 1 1 0 2 2 0 2 0],-1,1
2846,[2 0 1 0 2 2 0 1 0],-1,-1
4068,[0 0 2 0 2 1 2 1 0],0,1
16261,[1 2 0 2 2 0 1 1 2],-2,-1
2734,[1 2 0 2 0 2 0 1 0],-2,-3
2351,[2 0 0 0 2 0 0 1 0],-1,0
3814,[1 2 0 0 2 0 2 1 0],0,-3
11559,[0 1 0 2 1 2 0 2 1],-1,-2
3718,[1 0 2 2 0 0 2 1 0],0,-2
19533,[0 1 1 0 1 2 2 2 2],0,1
14171,[2 1 2 2 0 1 1 0 2],-2,-1
3096,[0 0 2 0 2 0 1 1 0],0,-2
12920,[2 1 1 1 0 2 2 2 1],-1,0
18806,[2 1 1 0 1 2 1 2 2],0,1
2653,[1 2 0 2 2 1 0 1 0],-2,-2
464,[2 1 0 2 2 1 0 0 0],-1,-1
8550,[0 0 2 1 0 2 2 0 1],-2,-3
11036,[2 0 2 0 1 0 0 2 1],-2,-3
17242,[1 2 1 2 2 1 2 1 2],-1,1
8236,[1 0 0 2 2 0 2 0 1],-1,-1
18886,[1 1 1 0 2 2 1 2 2],0,1
19289,[2 0 1 0 1 1 2 2 2],0,1
17097,[0 2 0 0 1 1 2 1 2],-2,-2
1958,[2 1 1 0 0 2 2 0 0],-1,-3
5063,[2 1 1 1 2 2 0 2 0],-2,-1
15858,[0 0 1 2 0 2 0 1 2],0,-2
1388,[2 0 1 0 2 2 1 0 0],-1,-1
5207,[2 1 2 0 1 0 1 2 0],-2,-2
18012,[0 1 0 1 0 2 0 2 2],-1,-1
11572,[1 2 1 2 1 2 0 2 1],0,1
10829,[2 0 0 2 1 2 2 1 1],0,1
17126,[2 2 0 1 1 1 2 1 2],0,1
17027,[2 2 1 0 0 1 2 1 2],0,-1
2059,[1 2 0 1 1 2 2 0 0],0,-2
714,[0 1 1 2 2 2 0 0 0],0,1
15933,[0 1 0 2 1 2 0 1 2],-1,1
11817,[0 0 2 2 1 0 1 2 1],-2,-2
11981,[2 0 2 2 0 1 1 2 1],-2,-1
11822,[2 1 2 2 1 0 1 2 1],-1,0
12382,[1 2 1 2 2 2 1 2 1],0,1
12503,[2 0 0 1 1 0 2 2 1],-2,-2
13532,[2 1 0 0 2 1 0 0 2],0,1
17227,[1 0 0 2 2 1 2 1 2],-2,-1
887,[2 1 2 2 1 0 1 0 0],-2,-2
2688,[0 2 1 0 0 2 0 1 0],-2,0
15623,[2 2 1 2 0 1 0 1 2],-1,-1
10106,[2 2 0 2 1 2 1 1 1],0,1
5237,[2 2 2 1 1 0 1 2 0],0,1
5245,[1 2 0 2 1 0 1 2 0],0,-1
16831,[1 0 1 2 0 0 2 1 2],-2,-2
17534,[2 0 1 1 0 0 0 2 2],-1,-1
10846,[1 0 2 2 1 2 2 1 1],0,1
11484,[0 0 1 2 0 2 0 2 1],0,-2
16811,[2 2 1 1 0 0 2 1 2],-1,-1
1194,[0 2 0 2 2 1 1 0 0],-2,-3
6721,[1 2 2 2 1 0 0 0 1],0,1
3859,[1 2 2 1 2 0 2 1 0],0,1
2664,[0 0 2 2 2 1 0 1 0],0,-3
8073,[0 0 0 2 0 0 2 0 1],-1,0
676,[1 0 0 1 2 2 0 0 0],0,-4
12380,[2 1 1 2 2 2 1 2 1],0,1
8619,[0 2 0 1 1 2 2 0 1],-2,-2
2347,[1 2 2 2 1 0 0 1 0],-2,-2
11340,[0 0 0 0 2 1 0 2 1],2,0
18858,[0 1 1 2 1 2 1 2 2],0,1
1807,[1 2 2 0 1 1 2 0 0],0,-1
15490,[1 0 2 0 2 0 0 1 2],-1,-1
10796,[2 1 2 0 1 2 2 1 1],0,1
266,[2 1 2 0 0 1 0 0 0],0,-2
15693,[0 2 0 2 1 1 0 1 2],0,-2
7076,[2 0 0 1 0 2 0 0 1],-2,0
13028,[2 1 1 2 1 2 2 2 1],0,1
16865,[2 2 1 0 1 0 2 1 2],-1,-1
7182,[0 0 0 2 1 2 0 0 1],0,-3
12533,[2 1 0 2 1 0 2 2 1],0,1
4955,[2 1 1 0 1 2 0 2 0],0,-2
14830,[1 2 0 0 0 1 2 0 2],-2,-3
3560,[2 1 2 2 1 2 1 1 0],0,1
19044,[0 0 1 0 1 0 2 2 2],0,1
5685,[0 2 1 0 1 2 1 2 0],-1,1
191,[2 0 0 1 2 0 0 0 0],-1,0
4784,[2 1 0 0 2 1 0 2 0],0,-3
12148,[1 2 2 2 2 1 1 2 1],0,1
11436,[0 2 1 0 0 2 0 2 1],0,-2
9179,[2 2 2 0 2 1 0 1 1],0,1
18381,[0 1 2 2 1 0 1 2 2],-1,-1
11584,[1 0 0 0 2 2 0 2 1],-1,-1
13710,[0 1 2 0 1 2 0 0 2],0,1
17378,[2 2 1 1 1 2 2 1 2],-1,1
7043,[2 1 2 2 2 1 0 0 1],-2,-1
16599,[0 1 2 2 0 2 1 1 2],0,1
12946,[1 1 1 2 0 2 2 2 1],0,1
1978,[1 2 0 1 0 2 2 0 0],-1,-3
8668,[1 0 0 0 2 2 2 0 1],-1,-1
16360,[1 2 2 2 0 1 1 1 2],-1,0
2345,[2 1 2 2 1 0 0 1 0],-1,1
11365,[1 2 2 0 2 1 0 2 1],0,1
3419,[2 2 1 0 0 2 1 1 0],-1,-1
1762,[1 2 0 2 0 1 2 0 0],0,-2
18698,[2 1 1 2 2 1 1 2 2],0,1
14018,[2 1 0 0 2 0 1 0 2],0,1
5555,[2 0 2 1 2 1 1 2 0],0,-1
4690,[1 0 2 2 0 1 0 2 0],-2,-3
582,[0 2 1 0 1 2 0 0 0],-2,0
1152,[0 0 2 0 2 1 1 0 0],0,-2
15379,[1 2 1 2 0 0 0 1 2],-2,-2
12989,[2 0 0 1 1 2 2 2 1],-2,-1
15102,[0 0 1 1 0 2 2 0 2],-2,-3
13507,[1 2 0 2 1 1 0 0 2],-2,-2
11586,[0 1 0 0 2 2 0 2 1],-2,-3
99,[0 0 2 0 1 0 0 0 0],0,-2
10391,[2 1 2 0 2 0 2 1 1],0,1
14676,[0 2 1 0 1 0 2 0 2],0,-3
2679,[0 2 0 0 0 2 0 1 0],-2,-1
15806,[2 0 1 0 0 2 0 1 2],0,-2
13082,[2 1 1 1 2 2 2 2 1],-1,1
16547,[2 1 2 0 0 2 1 1 2],0,1
15773,[2 1 0 2 2 1 0 1 2],0,1
14628,[0 1 2 1 0 0 2 0 2],-1,-1
13590,[0 0 1 2 2 1 0 0 2],0,-3
5313,[0 1 2 1 2 0 1 2 0],0,-2
4975,[1 2 0 1 1 2 0 2 0],0,-1
13424,[2 1 0 2 0 1 0 0 2],-1,-1
14279,[2 1 2 0 2 1 1 0 2],0,1
5208,[0 2 2 0 1 0 1 2 0],0,-2
3883,[1 1 2 2 2 0 2 1 0],0,1
6185,[2 0 0 1 1 1 2 2 0],-1,1
11507,[2 1 0 0 1 2 0 2 1],-2,-2
14508,[0 0 1 0 2 2 1 0 2],-1,-1
16252,[1 2 2 1 2 0 1 1 2],0,1
12450,[0 1 0 2 0 0 2 2 1],0,-2
8708,[2 1 1 1 2 2 2 0 1],-1,0
16179,[0 2 0 2 1 0 1 1 2],0,-2
5567,[2 1 0 2 2 1 1 2 0],-2,-1
5421,[0 1 2 2 0 1 1 2 0],-2,-2
8662,[1 1 2 2 1 2 2 0 1],0,1
83,[2 0 0 0 1 0 0 0 0],0,-1
3715,[1 2 1 2 0 0 2 1 0],-2,-2
14755,[1 1 1 0 2 0 2 0 2],0,1
9375,[0 2 0 2 1 2 0 1 1],0,-1
16440,[0 2 2 2 1 1 1 1 2],1,0
7181,[2 2 2 1 1 2 0 0 1],0,1
17879,[2 1 0 2 1 1 0 2 2],-2,-1
3995,[2 2 2 0 1 1 2 1 0],0,1
15720,[0 2 0 0 2 1 0 1 2],0,-3
2069,[2 2 1 1 1 2 2 0 0],-2,-1
18230,[2 1 0 0 0 0 1 2 2],-2,-3
13143,[0 1 2 0 0 0 0 0 2],-1,0
9469,[1 0 2 2 2 2 0 1 1],0,1
18624,[0 1 2 2 1 1 1 2 2],-1,0
4138,[1 2 0 0 0 2 2 1 0],-2,-3
17849,[2 0 0 1 1 1 0 2 2],-1,1
15784,[1 2 1 2 2 1 0 1 2],-1,0
4693,[1 1 2 2 0 1 0 2 0],0,-2
5874,[0 2 1 1 0 0 2 2 0],-1,-1
8219,[2 0 1 1 2 0 2 0 1],-1,-2
8084,[2 0 1 2 0 0 2 0 1],0,1
10443,[0 1 2 2 2 0 2 1 1],0,1
35,[2 2 0 1 0 0 0 0 0],-1,1
6622,[1 2 0 2 0 0 0 0 1],0,2
1647,[0 0 0 1 2 0 2 0 0],-1,0
13326,[0 2 1 1 2 0 0 0 2],-1,-1
12812,[2 1 1 0 2 1 2 2 1],0,1
4158,[0 0 0 1 0 2 2 1 0],2,0
15631,[1 2 2 2 0 1 0 1 2],-1,-1
4876,[1 2 1 0 0 2 0 2 0],0,-2
7999,[1 2 0 2 2 2 1 0 1],0,1
11901,[0 1 2 2 2 0 1 2 1],-2,-1
4603,[1 1 1 2 2 0 0 2 0],-1,1
12489,[0 2 1 0 1 0 2 2 1],0,-1
4073,[2 1 2 0 2 1 2 1 0],0,1
13654,[1 0 2 1 0 2 0 0 2],0,1
15541,[1 2 1 2 2 0 0 1 2],-1,-1
14034,[0 1 2 0 2 0 1 0 2],-1,-1
5725,[1 0 0 2 1 2 1 2 0],0,-1
15148,[1 0 0 0 1 2 2 0 2],-1,-1
9387,[0 0 2 2 1 2 0 1 1],0,-1
5483,[2 0 0 2 1 1 1 2 0],-2,-2
782,[2 2 2 1 0 0 1 0 0],0,1
14783,[2 1 1 1 2 0 2 0 2],0,1
15816,[0 1 2 0 0 2 0 1 2],0,1
2155,[1 1 2 1 2 2 2 0 0],0,1
11033,[2 2 1 0 1 0 0 2 1],0,-1
2738,[2 0 1 2 0 2 0 1 0],-1,-1
10226,[2 0 2 0 0 0 2 1 1],-1,-1
5569,[1 2 0 2 2 1 1 2 0],0,1
18808,[1 2 1 0 1 2 1 2 2],0,1
5846,[2 1 1 0 0 0 2 2 0],-1,-1
18680,[2 1 2 1 2 1 1 2 2],0,1
1043,[2 2 1 2 0 1 1 0 0],0,-1
4530,[0 1 2 2 1 0 0 2 0],-2,-3
8543,[2 0 1 1 0 2 2 0 1],-2,-2
567,[0 0 0 0 1 2 0 0 0],0,-2
2067,[0 2 1 1 1 2 2 0 0],0,-2
14969,[2 0 1 2 1 1 2 0 2],0,1
17865,[0 0 2 1 1 1 0 2 2],-1,1
1267,[1 2 2 1 0 2 1 0 0],-1,1
14342,[2 1 0 0 0 2 1 0 2],-1,-1
12474,[0 0 0 0 1 0 2 2 1],-2,-4
10798,[1 2 2 0 1 2 2 1 1],0,1
14963,[2 1 0 2 1 1 2 0 2],0,1
7778,[2 0 0 0 0 2 1 0 1],-2,0
4201,[1 2 1 2 0 2 2 1 0],-2,-1
13620,[0 1 1 0 0 2 0 0 2],0,-1
19335,[0 1 0 2 1 1 2 2 2],0,1
17114,[2 1 2 0 1 1 2 1 2],0,1
6782,[2 1 0 2 2 0 0 0 1],-1,-1
13734,[0 0 2 1 1 2 0 0 2],0,1
10986,[0 2 2 1 0 0 0 2 1],-1,-1
17796,[0 1 0 2 0 1 0 2 2],-2,-3
18489,[0 1 2 0 0 1 1 2 2],-2,-2
9551,[2 0 2 2 0 0 1 1 1],-1,1
13744,[1 0 0 2 1 2 0 0 2],0,-2
1423,[1 0 2 1 2 2 1 0 0],1,1
14042,[2 0 0 1 2 0 1 0 2],0,1
13426,[1 2 0 2 0 1 0 0 2],-2,-3
11720,[2 0 0 2 0 0 1 2 1],0,-2
1800,[0 0 2 0 1 1 2 0 0],0,-4
17166,[0 1 2 2 1 1 2 1 2],0,1
2771,[2 2 1 0 1 2 0 1 0],-2,-2
19198,[1 0 0 0 0 1 2 2 2],0,1
898,[1 2 0 0 2 0 1 0 0],2,0
5138,[2 2 0 1 0 0 1 2 0],-1,-1
13080,[0 1 1 1 2 2 2 2 1],-1,0
4085,[2 2 0 1 2 1 2 1 0],-1,-1
3787,[1 2 0 2 1 0 2 1 0],-1,-2
18513,[0 0 2 1 0 1 1 2 2],0,-1
1458,[0 0 0 0 0 0 2 0 0],0,-3
6080,[2 1 0 0 0 1 2 2 0],-1,-1
15845,[2 1 2 1 0 2 0 1 2],0,1
5286,[0 1 2 0 2 0 1 2 0],0,-3
8694,[0 0 0 1 2 2 2 0 1],0,-3
2762,[2 2 0 0 1 2 0 1 0],-2,-3
5405,[2 1 0 2 0 1 1 2 0],-2,-2
4245,[0 2 0 1 1 2 2 1 0],0,-2
1630,[1 0 1 0 2 0 2 0 0],0,-4
1896,[0 2 0 1 2 1 2 0 0],-1,-1
15814,[1 0 2 0 0 2 0 1 2],0,1
18824,[2 1 0 1 1 2 1 2 2],1,0
10746,[0 0 0 2 0 2 2 1 1],-1,-1
6279,[0 2 1 1 2 1 2 2 0],0,1
7767,[0 0 2 2 2 1 1 0 1],0,-2
14607,[0 0 0 1 0 0 2 0 2],-1,0
2374,[1 2 2 0 2 0 0 1 0],0,-2
4472,[2 2 1 0 1 0 0 2 0],1,0
6367,[1 1 2 1 0 2 2 2 0],-1,-1
17062,[1 2 2 1 0 1 2 1 2],1,0
1954,[1 0 1 0 0 2 2 0 0],-2,0
14729,[2 1 1 2 1 0 2 0 2],0,1
630,[0 0 1 2 1 2 0 0 0],0,-3
6238,[1 0 0 0 2 1 2 2 0],-1,-1
906,[0 2 1 0 2 0 1 0 0],2,0
4052,[2 0 0 0 2 1 2 1 0],-1,-1
70,[1 2 1 2 0 0 0 0 0],0,2
17296,[1 2 1 1 0 2 2 1 2],-1,0
7214,[2 1 0 0 2 2 0 0 1],-2,-3
6630,[0 2 1 2 0 0 0 0 1],-1,1
8605,[1 0 2 0 1 2 2 0 1],0,1
11285,[2 2 2 0 1 1 0 2 1],0,1
1469,[2 0 1 0 0 0 2 0 0],-1,0
1534,[1 1 2 2 0 0 2 0 0],0,-2
5453,[2 2 2 0 1 1 1 2 0],0,1
17632,[1 0 0 2 1 0 0 2 2],-2,-3
16622,[2 2 1 0 1 2 1 1 2],0,1
5499,[0 0 2 2 1 1 1 2 0],0,-2
8037,[0 0 2 0 0 0 2 0 1],-1,0
4874,[2 1 1 0 0 2 0 2 0],-1,-3
562,[1 1 2 2 0 2 0 0 0],-1,-1
11126,[2 0 0 1 2 0 0 2 1],-2,-3
18834,[0 2 1 1 1 2 1 2 2],0,1
16822,[1 0 0 2 0 0 2 1 2],0,-2
13264,[1 2 0 2 1 0 0 0 2],-2,-3
7197,[0 2 1 2 1 2 0 0 1],0,-1
12768,[0 2 2 1 1 1 2 2 1],0,1
14937,[0 2 0 1 1 1 2 0 2],-1,1
18914,[2 1 1 1 2 2 1 2 2],0,1
17301,[0 1 2 1 0 2 2 1 2],0,1
12917,[2 0 1 1 0 2 2 2 1],-1,-1
13519,[1 0 2 2 1 1 0 0 2],-2,-2
1726,[1 2 2 0 0 1 2 0 0],0,-2
13390,[1 2 2 0 0 1 0 0 2],0,-2
4946,[2 1 0 0 1 2 0 2 0],-2,-3
17164,[1 0 2 2 1 1 2 1 2],-1,0
1522,[1 0 1 2 0 0 2 0 0],-1,1
780,[0 2 2 1 0 0 1 0 0],0,2
18856,[1 0 1 2 1 2 1 2 2],0,1
16837,[1 2 1 2 0 0 2 1 2],-1,-1
6132,[0 1 0 2 0 1 2 2 0],-1,-1
5176,[1 0 2 2 0 0 1 2 0],-2,-3
15007,[1 1 2 0 2 1 2 0 2],0,1
14880,[0 1 0 2 0 1 2 0 2],-1,-1
386,[2 2 0 2 1 1 0 0 0],-1,-1
6208,[1 2 2 1 1 1 2 2 0],0,1
17760,[0 1 2 0 0 1 0 2 2],-2,-3
10751,[2 1 0 2 0 2 2 1 1],0,1
11141,[2 2 1 1 2 0 0 2 1],0,1
17275,[1 1 2 0 0 2 2 1 2],0,1
2195,[2 2 0 0 0 0 0 1 0],-2,0
1662,[0 2 1 1 2 0 2 0 0],-2,-3
16442,[2 2 2 2 1 1 1 1 2],0,1
13819,[1 1 2 1 2 2 0 0 2],0,1
4341,[0 1 2 1 2 2 2 1 0],0,1
11448,[0 0 0 1 0 2 0 2 1],-2,0
18676,[1 0 2 1 2 1 1 2 2],0,1
9071,[2 2 2 2 0 1 0 1 1],0,1
4808,[2 0 0 1 2 1 0 2 0],-1,-1
14379,[0 2 1 1 0 2 1 0 2],0,-1
15624,[0 0 2 2 0 1 0 1 2],-2,-3
11687,[2 1 2 0 0 0 1 2 1],-1,-2
18596,[2 0 2 1 1 1 1 2 2],0,1
11847,[0 1 2 0 2 0 1 2 1],0,-2
16956,[0 0 0 1 2 0 2 1 2],-1,-1
1421,[2 2 1 1 2 2 1 0 0],-1,-1
618,[0 2 2 1 1 2 0 0 0],-1,-1
14231,[2 0 0 2 1 1 1 0 2],-2,-2
8641,[1 0 0 2 1 2 2 0 1],0,1
6240,[0 1 0 0 2 1 2 2 0],-1,-1
6283,[1 0 2 1 2 1 2 2 0],0,1
14154,[0 2 0 2 0 1 1 0 2],-2,-3
8927,[2 2 1 0 2 0 0 1 1],0,-1
5733,[0 0 1 2 1 2 1 2 0],-1,1
2864,[2 0 0 1 2 2 0 1 0],0,-3
12284,[2 2 2 1 1 2 1 2 1],0,1
14235,[0 2 0 2 1 1 1 0 2],-2,-2
14980,[1 1 2 2 1 1 2 0 2],1,0
12992,[2 1 0 1 1 2 2 2 1],-1,0
16190,[2 2 1 2 1 0 1 1 2],0,1
12994,[1 2 0 1 1 2 2 2 1],0,1
4277,[2 0 1 2 1 2 2 1 0],0,1
59,[2 1 0 2 0 0 0 0 0],-1,1
10791,[0 0 2 0 1 2 2 1 1],0,-1
12519,[0 0 2 1 1 0 2 2 1],0,-1
16265,[2 0 1 2 2 0 1 1 2],0,1
3103,[1 2 2 0 2 0 1 1 0],0,-1
11024,[2 2 0 0 1 0 0 2 1],0,-2
1687,[1 1 1 2 2 0 2 0 0],-1,1
12431,[2 0 1 1 0 0 2 2 1],-1,-2
7148,[2 0 2 0 1 2 0 0 1],-2,-3
16259,[2 1 0 2 2 0 1 1 2],0,1
6259,[1 1 2 0 2 1 2 2 0],0,1
17240,[2 1 1 2 2 1 2 1 2],0,1
11397,[0 1 0 2 2 1 0 2 1],-2,-2
15474,[0 1 0 0 2 0 0 1 2],2,0
17398,[1 0 1 2 1 2 2 1 2],-2,0
10848,[0 1 2 2 1 2 2 1 1],0,1
2675,[2 0 0 0 0 2 0 1 0],-2,0
12638,[2 0 0 0 0 1 2 2 1],1,0
3948,[0 2 0 2 0 1 2 1 0],-2,-3
17874,[0 0 0 2 1 1 0 2 2],0,-3
14429,[2 0 1 0 1 2 1 0 2],0,1
17222,[2 1 2 1 2 1 2 1 2],0,1
16863,[0 2 1 0 1 0 2 1 2],0,-2
3875,[2 1 1 2 2 0 2 1 0],0,1
16625,[2 0 2 0 1 2 1 1 2],0,1
10683,[0 0 2 2 2 1 2 1 1],0,1
16898,[2 1 2 1 1 0 2 1 2],0,1
2835,[0 0 0 0 2 2 0 1 0],1,0
3699,[0 0 0 2 0 0 2 1 0],1,0
14618,[2 0 1 1 0 0 2 0 2],-1,-1
10688,[2 1 2 2 2 1 2 1 1],0,1
8593,[1 2 0 0 1 2 2 0 1],-1,1
4849,[1 2 1 2 2 1 0 2 0],0,1
12850,[1 2 2 1 2 1 2 2 1],0,1
17348,[2 1 1 0 1 2 2 1 2],0,1
6285,[0 1 2 1 2 1 2 2 0],0,1
11621,[2 0 1 1 2 2 0 2 1],-1,-1
17216,[2 2 1 1 2 1 2 1 2],0,1
8238,[0 1 0 2 2 0 2 0 1],-1,-1
15802,[1 2 0 0 0 2 0 1 2],-2,-3
18557,[2 2 0 0 1 1 1 2 2],1,0
19200,[0 1 0 0 0 1 2 2 2],0,1
452,[2 0 2 1 2 1 0 0 0],-1,-1
1361,[2 0 1 2 1 2 1 0 0],0,1
15625,[1 0 2 2 0 1 0 1 2],-2,-2
4942,[1 0 0 0 1 2 0 2 0],0,2
16098,[0 2 0 2 0 0 1 1 2],-1,-3
12794,[2 1 2 2 1 1 2 2 1],0,1
4723,[1 2 2 0 1 1 0 2 0],0,-1
3823,[1 2 1 0 2 0 2 1 0],-2,-2
4901,[2 1 1 1 0 2 0 2 0],0,-2
578,[2 0 1 0 1 2 0 0 0],-2,0
11741,[2 1 2 2 0 0 1 2 1],-1,-1
3965,[2 1 2 2 0 1 2 1 0],0,1
18356,[2 1 2 1 1 0 1 2 2],1,0
8011,[1 0 2 2 2 2 1 0 1],0,1
13351,[1 1 1 2 2 0 0 0 2],0,1
19206,[0 0 1 0 0 1 2 2 2],0,1
17915,[2 1 1 0 2 1 0 2 2],0,1
5789,[2 0 1 1 2 2 1 2 0],-1,-1
18674,[2 2 1 1 2 1 1 2 2],0,1
15712,[1 2 2 2 1 1 0 1 2],-1,0
5970,[0 1 0 2 1 0 2 2 0],-1,-1
1046,[2 0 2 2 0 1 1 0 0],-2,-3
5738,[2 1 1 2 1 2 1 2 0],0,1
800,[2 2 1 2 0 0 1 0 0],1,0
15188,[2 1 1 1 1 2 2 0 2],1,0
3877,[1 2 1 2 2 0 2 1 0],-2,-1
7241,[2 1 0 1 2 2 0 0 1],0,-2
3618,[0 0 0 2 2 2 1 1 0],0,1
384,[0 2 0 2 1 1 0 0 0],0,2
13577,[2 1 2 1 2 1 0 0 2],0,1
678,[0 1 0 1 2 2 0 0 0],0,-2
2410,[1 2 0 2 2 0 0 1 0],-2,-3
7613,[2 2 2 2 0 1 1 0 1],0,1
12907,[1 0 0 1 0 2 2 2 1],0,-2
5699,[2 0 0 1 1 2 1 2 0],0,-2
1745,[2 2 1 1 0 1 2 0 0],0,-1
16530,[0 2 0 0 0 2 1 1 2],-1,-3
10690,[1 2 2 2 2 1 2 1 1],0,1
11443,[1 1 2 0 0 2 0 2 1],0,-2
16854,[0 2 0 0 1 0 2 1 2],0,-3
17183,[2 0 1 0 2 1 2 1 2],0,1
536,[2 1 2 1 0 2 0 0 0],-2,-3
18023,[2 1 1 1 0 2 0 2 2],-1,-1
15761,[2 0 2 1 2 1 0 1 2],0,1
17400,[0 1 1 2 1 2 2 1 2],0,1
3751,[1 2 2 0 1 0 2 1 0],-2,-2
10985,[2 1 2 1 0 0 0 2 1],-2,-2
16930,[1 0 0 0 2 0 2 1 2],-2,-3
396,[0 0 2 2 1 1 0 0 0],2,0
19219,[1 1 2 0 0 1 2 2 2],0,1
3944,[2 0 0 2 0 1 2 1 0],0,1
5259,[0 1 2 2 1 0 1 2 0],0,-2
14465,[2 0 2 1 1 2 1 0 2],0,1
17528,[2 1 0 1 0 0 0 2 2],-1,-1
13430,[2 0 1 2 0 1 0 0 2],-1,-1
8231,[2 1 2 1 2 0 2 0 1],0,1
268,[1 2 2 0 0 1 0 0 0],0,-2
18754,[1 2 1 1 0 2 1 2 2],0,1
1142,[2 2 0 0 2 1 1 0 0],-1,-1
12398,[2 1 0 0 0 0 2 2 1],-2,-3
15396,[0 2 0 0 1 0 0 1 2],2,0
5487,[0 2 0 2 1 1 1 2 0],-2,-2
8318,[2 0 0 2 0 1 2 0 1],0,1
1427,[2 1 2 1 2 2 1 0 0],-2,-1
13949,[2 2 1 0 1 0 1 0 2],0,1
18830,[2 0 1 1 1 2 1 2 2],0,1
8670,[0 1 0 0 2 2 2 0 1],-1,-1
55,[1 0 0 2 0 0 0 0 0],0,-2
4749,[0 2 2 1 1 1 0 2 0],-1,1
3812,[2 1 0 0 2 0 2 1 0],-1,-1
3662,[2 2 1 0 0 0 2 1 0],-2,-3
4262,[2 1 2 1 1 2 2 1 0],0,1
2862,[0 0 0 1 2 2 0 1 0],0,-2
9252,[0 0 2 0 0 2 0 1 1],0,-1
1939,[1 1 2 2 2 1 2 0 0],0,1
3732,[0 2 0 0 1 0 2 1 0],2,2
2212,[1 2 2 0 0 0 0 1 0],-2,-4
4444,[1 2 1 2 0 0 0 2 0],0,-2
7990,[1 2 2 1 2 2 1 0 1],0,1
4548,[0 1 1 0 2 0 0 2 0],0,-4
4870,[1 0 1 0 0 2 0 2 0],-1,-1
13546,[1 0 2 0 2 1 0 0 2],0,-3
2890,[1 0 0 2 2 2 0 1 0],0,1
14392,[1 0 0 2 0 2 1 0 2],-1,-1
1158,[0 2 2 0 2 1 1 0 0],-1,-1
13534,[1 2 0 0 2 1 0 0 2],-2,-3
5501,[2 0 2 2 1 1 1 2 0],-1,-1
18527,[2 1 0 2 0 1 1 2 2],-2,-1
16977,[0 1 2 1 2 0 2 1 2],0,1
9663,[0 2 2 0 2 0 1 1 1],-1,1
11351,[2 0 1 0 2 1 0 2 1],-1,1
5400,[0 0 0 2 0 1 1 2 0],-2,0
10917,[0 0 1 2 2 2 2 1 1],0,1
15163,[1 2 1 0 1 2 2 0 2],-2,-1
15500,[2 0 0 1 2 0 0 1 2],0,1
5976,[0 0 1 2 1 0 2 2 0],-1,-1
15765,[0 2 2 1 2 1 0 1 2],-1,-1
1589,[2 1 2 1 1 0 2 0 0],0,-1
17451,[0 0 1 1 2 2 2 1 2],-2,-1
18572,[2 1 2 0 1 1 1 2 2],-1,0
18111,[0 1 2 1 1 2 0 2 2],0,1
3637,[1 0 2 2 2 2 1 1 0],0,1
14589,[0 0 1 0 0 0 2 0 2],-1,0
11129,[2 1 0 1 2 0 0 2 1],-2,-2
3623,[2 1 0 2 2 2 1 1 0],0,1
15311,[2 0 0 0 0 0 0 1 2],-2,0
16218,[0 0 2 0 2 0 1 1 2],-1,-1
18306,[0 0 0 0 1 0 1 2 2],-2,-4
19101,[0 1 1 2 1 0 2 2 2],0,1
14612,[2 1 0 1 0 0 2 0 2],-1,-1
4837,[1 1 0 2 2 1 0 2 0],-2,-2
6746,[2 1 2 0 2 0 0 0 1],-2,-3
10019,[2 0 0 2 0 2 1 1 1],-1,1
783,[0 0 0 2 0 0 1 0 0],0,-2
15449,[2 1 0 2 1 0 0 1 2],-1,1
14933,[2 0 0 1 1 1 2 0 2],0,1
10150,[1 2 2 0 2 2 1 1 1],0,1
13077,[0 0 1 1 2 2 2 2 1],-2,-1
9718,[1 2 2 2 2 0 1 1 1],0,1
12168,[0 0 2 0 0 2 1 2 1],0,-2
7992,[0 0 0 2 2 2 1 0 1],0,1
19081,[1 0 2 1 1 0 2 2 2],0,1
4288,[1 1 2 2 1 2 2 1 0],0,1
4896,[0 0 1 1 0 2 0 2 0],-2,0
15710,[2 1 2 2 1 1 0 1 2],0,1
11861,[2 2 0 1 2 0 1 2 1],0,1
9394,[1 2 2 2 1 2 0 1 1],0,1
4890,[0 1 0 1 0 2 0 2 0],0,2
8520,[0 2 1 0 0 2 2 0 1],-2,-3
7230,[0 1 2 0 2 2 0 0 1],-1,-1
7829,[2 2 2 1 0 2 1 0 1],0,1
10231,[1 2 2 0 0 0 2 1 1],1,0
11801,[2 0 0 2 1 0 1 2 1],-2,-2
8405,[2 2 0 2 1 1 2 0 1],0,1
7967,[2 0 0 1 2 2 1 0 1],0,-2
6466,[1 1 1 2 1 2 2 2 0],0,1
1870,[1 2 0 0 2 1 2 0 0],-1,-1
10935,[0 0 0 0 0 0 0 2 1],0,-2
5928,[0 2 1 0 1 0 2 2 0],0,-2
10143,[0 0 2 0 2 2 1 1 1],0,1
938,[2 0 2 1 2 0 1 0 0],-1,-1
15174,[0 0 0 1 1 2 2 0 2],1,-1
15621,[0 2 1 2 0 1 0 1 2],0,-2
1987,[1 2 1 1 0 2 2 0 0],0,-2
18403,[1 2 1 0 2 0 1 2 2],0,1
12362,[2 1 2 1 2 2 1 2 1],-1,1
15547,[1 1 2 2 2 0 0 1 2],0,-1
5878,[1 0 2 1 0 0 2 2 0],-1,-1
4831,[1 2 2 1 2 1 0 2 0],0,1
5627,[2 0 1 1 0 2 1 2 0],0,-2
7266,[0 1 0 2 2 2 0 0 1],0,1
8547,[0 2 1 1 0 2 2 0 1],-2,-2
6784,[1 2 0 2 2 0 0 0 1],-1,-1
230,[2 1 1 2 2 0 0 0 0],-1,-1
6638,[2 1 2 2 0 0 0 0 1],-2,-3
17080,[1 2 1 2 0 1 2 1 2],-1,0
17294,[2 1 1 1 0 2 2 1 2],1,0
2134,[1 0 0 1 2 2 2 0 0],0,-3
1357,[1 2 0 2 1 2 1 0 0],0,-1
12319,[1 2 0 0 2 2 1 2 1],0,1
6882,[0 2 2 2 0 1 0 0 1],-1,-3
19531,[1 0 1 0 1 2 2 2 2],0,1
680,[2 1 0 1 2 2 0 0 0],0,-3
17071,[1 2 0 2 0 1 2 1 2],-2,-1
5103,[0 0 0 0 0 0 1 2 0],0,-2
14547,[0 1 2 1 2 2 1 0 2],0,1
13069,[1 0 0 1 2 2 2 2 1],-1,-1
6346,[1 0 0 1 0 2 2 2 0],-1,-3
3689,[2 2 1 1 0 0 2 1 0],-2,-2
4462,[1 2 0 0 1 0 0 2 0],0,-3
10922,[2 1 1 2 2 2 2 1 1],0,1
706,[1 1 0 2 2 2 0 0 0],0,1
8233,[1 2 2 1 2 0 2 0 1],0,1
11387,[2 0 2 1 2 1 0 2 1],0,-1
11631,[0 1 2 1 2 2 0 2 1],-2,-1
14001,[0 2 1 2 1 0 1 0 2],-1,1
2136,[0 1 0 1 2 2 2 0 0],0,-3
47,[2 0 2 1 0 0 0 0 0],-1,0
14493,[0 1 2 2 1 2 1 0 2],0,1
15949,[1 0 2 2 1 2 0 1 2],0,1
16058,[2 0 2 0 0 0 1 1 2],-1,-1
18130,[1 1 1 2 1 2 0 2 2],0,1
8731,[1 0 1 2 2 2 2 0 1],0,1
9471,[0 1 2 2 2 2 0 1 1],0,1
10698,[0 2 0 0 0 2 2 1 1],-1,-3
530,[2 2 1 1 0 2 0 0 0],-2,-3
12982,[1 1 2 0 1 2 2 2 1],0,1
8636,[2 1 2 1 1 2 2 0 1],-1,0
16000,[1 2 1 1 2 2 0 1 2],-1,0
1982,[2 0 1 1 0 2 2 0 0],-2,-3
2898,[0 0 1 2 2 2 0 1 0],0,1
15989,[2 1 0 1 2 2 0 1 2],0,1
1190,[2 0 0 2 2 1 1 0 0],0,-2
23,[2 1 2 0 0 0 0 0 0],-2,0
15505,[1 2 0 1 2 0 0 1 2],0,-2
8439,[0 2 1 0 2 1 2 0 1],-1,1
15887,[2 0 1 0 1 2 0 1 2],0,-1
7130,[2 0 0 0 1 2 0 0 1],-2,0
18551,[2 0 0 0 1 1 1 2 2],0,-1
15810,[0 2 1 0 0 2 0 1 2],-2,-3
12742,[1 2 2 0 1 1 2 2 1],0,1
7454,[2 0 0 0 2 0 1 0 1],0,-2
15927,[0 2 2 1 1 2 0 1 2],0,1
16770,[0 1 0 0 0 0 2 1 2],0,-2
14249,[2 0 2 2 1 1 1 0 2],-2,-1
5179,[1 1 2 2 0 0 1 2 0],0,-2
18688,[1 1 0 2 2 1 1 2 2],-2,0
5354,[2 2 0 0 0 1 1 2 0],-1,-1
17802,[0 0 1 2 0 1 0 2 2],-1,-3
2145,[0 1 1 1 2 2 2 0 0],0,-2
407,[2 0 0 0 2 1 0 0 0],-1,0
9429,[0 2 0 1 2 2 0 1 1],-2,-2
13755,[0 1 1 2 1 2 0 0 2],0,-1
2987,[2 2 1 2 0 0 1 1 0],0,-1
600,[0 2 0 1 1 2 0 0 0],0,2
14965,[1 2 0 2 1 1 2 0 2],-2,-1
17010,[0 0 0 0 0 1 2 1 2],0,-2
13298,[2 1 1 0 2 0 0 0 2],0,1
1990,[1 0 2 1 0 2 2 0 0],-1,-1
18085,[1 1 2 0 1 2 0 2 2],0,1
3639,[0 1 2 2 2 2 1 1 0],0,1
2671,[1 2 2 2 2 1 0 1 0],-2,-1
2807,[2 2 2 1 1 2 0 1 0],0,1
2993,[2 1 2 2 0 0 1 1 0],0,-1
4269,[0 1 0 2 1 2 2 1 0],-1,1
14358,[0 1 2 0 0 2 1 0 2],0,1
16720,[1 2 0 1 2 2 1 1 2],0,1
14602,[1 1 2 0 0 0 2 0 2],-1,-1
12300,[0 2 1 2 1 2 1 2 1],0,1
12752,[2 2 0 1 1 1 2 2 1],0,1
3633,[0 2 1 2 2 2 1 1 0],0,1
18390,[0 1 0 0 2 0 1 2 2],0,-2
18641,[2 0 1 0 2 1 1 2 2],0,1
16516,[1 0 2 2 2 1 1 1 2],-1,0
12476,[2 0 0 0 1 0 2 2 1],-2,-3
1368,[0 0 2 2 1 2 1 0 0],2,-2
7098,[0 2 2 1 0 2 0 0 1],0,-2
14047,[1 2 0 1 2 0 1 0 2],-1,1
14531,[2 1 0 1 2 2 1 0 2],0,1
9555,[0 2 2 2 0 0 1 1 1],-1,1
16996,[1 1 1 2 2 0 2 1 2],0,1
4640,[2 1 2 0 0 1 0 2 0],-2,-3
16094,[2 0 0 2 0 0 1 1 2],0,-2
10475,[2 2 2 0 0 1 2 1 1],0,1
423,[0 0 2 0 2 1 0 0 0],-1,0
18090,[0 0 0 1 1 2 0 2 2],-1,-1
11453,[2 1 0 1 0 2 0 2 1],-2,-2
14310,[0 0 0 2 2 1 1 0 2],0,-3
2142,[0 0 1 1 2 2 2 0 0],0,-3
14076,[0 0 1 2 2 0 1 0 2],1,-1
18566,[2 2 1 0 1 1 1 2 2],0,1
2057,[2 1 0 1 1 2 2 0 0],-2,-2
7367,[2 1 2 2 0 0 1 0 1],-2,-2
11899,[1 0 2 2 2 0 1 2 1],0,-1
12327,[0 2 1 0 2 2 1 2 1],0,1
10892,[2 0 1 1 2 2 2 1 1],-1,0
17671,[1 1 1 0 2 0 0 2 2],0,1
6830,[2 2 2 0 0 1 0 0 1],0,1
17544,[0 1 2 1 0 0 0 2 2],-1,-1
7936,[1 2 2 2 1 2 1 0 1],0,1
18635,[2 1 0 0 2 1 1 2 2],0,1
18525,[0 1 0 2 0 1 1 2 2],-2,-2
15840,[0 0 2 1 0 2 0 1 2],0,1
7097,[2 1 2 1 0 2 0 0 1],-2,-2
4351,[1 1 0 2 2 2 2 1 0],0,1
2868,[0 2 0 1 2 2 0 1 0],0,-2
10998,[0 0 1 2 0 0 0 2 1],-1,0
3554,[2 2 1 2 1 2 1 1 0],0,1
17343,[0 0 1 0 1 2 2 1 2],-1,-2
5276,[2 0 1 0 2 0 1 2 0],-1,-1
3616,[1 2 2 1 2 2 1 1 0],0,1
10160,[2 2 0 1 2 2 1 1 1],0,1
8689,[1 1 2 0 2 2 2 0 1],0,1
6972,[0 2 0 0 2 1 0 0 1],2,0
3696,[0 2 2 1 0 0 2 1 0],-1,-1
11072,[2 0 0 2 1 0 0 2 1],-2,-3
12356,[2 2 1 1 2 2 1 2 1],0,1
13463,[2 2 1 0 1 1 0 0 2],0,-1
11100,[0 1 0 0 2 0 0 2 1],0,-4
18254,[2 0 0 1 0 0 1 2 2],0,-2
3941,[2 2 2 1 0 1 2 1 0],0,1
11421,[0 0 0 0 0 2 0 2 1],-2,-1
4566,[0 1 0 1 2 0 0 2 0],2,-2
15478,[1 2 0 0 2 0 0 1 2],0,-3
2600,[2 2 0 0 2 1 0 1 0],-1,-1
16801,[1 2 0 1 0 0 2 1 2],0,-2
4097,[2 0 2 1 2 1 2 1 0],0,1
15482,[2 0 1 0 2 0 0 1 2],0,1
15334,[1 2 2 0 0 0 0 1 2],-2,-3
12461,[2 1 1 2 0 0 2 2 1],0,1
914,[2 1 2 0 2 0 1 0 0],-2,-3
8555,[2 1 2 1 0 2 2 0 1],-2,-1
2364,[0 2 1 0 2 0 0 1 0],0,-4
18429,[0 2 1 1 2 0 1 2 2],0,1
1032,[0 2 0 2 0 1 1 0 0],-2,0
2400,[0 2 2 1 2 0 0 1 0],-1,-1
9956,[2 0 2 2 2 1 1 1 1],0,1
13167,[0 0 2 1 0 0 0 0 2],-1,0
12507,[0 2 0 1 1 0 2 2 1],0,-1
4882,[1 1 2 0 0 2 0 2 0],-1,-3
15360,[0 2 2 1 0 0 0 1 2],-1,-1
16835,[2 1 1 2 0 0 2 1 2],0,1
19471,[1 1 0 1 0 2 2 2 2],0,1
14565,[0 1 1 2 2 2 1 0 2],0,1
4194,[0 0 1 2 0 2 2 1 0],-1,-1
12369,[0 1 0 2 2 2 1 2 1],0,1
10904,[2 1 2 1 2 2 2 1 1],0,1
18759,[0 1 2 1 0 2 1 2 2],0,1
13276,[1 0 2 2 1 0 0 0 2],0,-3
16207,[1 2 0 0 2 0 1 1 2],-2,-2
9440,[2 2 1 1 2 2 0 1 1],-1,0
17151,[0 2 0 2 1 1 2 1 2],-2,-1
15960,[0 1 0 0 2 2 0 1 2],-1,-1
689,[2 1 1 1 2 2 0 0 0],2,0
15189,[0 2 1 1 1 2 2 0 2],-2,-1
430,[1 2 2 0 2 1 0 0 0],-1,-1
7224,[0 2 1 0 2 2 0 0 1],-1,-1
11450,[2 0 0 1 0 2 0 2 1],-2,-3
18997,[1 2 1 1 0 0 2 2 2],0,1
10994,[2 1 0 2 0 0 0 2 1],-2,-3
12414,[0 1 2 0 0 0 2 2 1],-2,-3
4115,[2 0 1 2 2 1 2 1 0],0,1
18837,[0 0 2 1 1 2 1 2 2],0,1
12734,[2 2 1 0 1 1 2 2 1],0,1
17505,[0 0 1 0 0 0 0 2 2],-1,0
116,[2 2 0 1 1 0 0 0 0],2,0
2384,[2 2 0 1 2 0 0 1 0],-1,-1
7201,[1 0 2 2 1 2 0 0 1],0,1
16514,[2 2 1 2 2 1 1 1 2],0,1
1701,[0 0 0 0 0 1 2 0 0],2,0
487,[1 0 0 0 0 2 0 0 0],2,0
6752,[2 0 0 1 2 0 0 0 1],0,-2
6413,[2 1 1 0 1 2 2 2 0],-1,-1
13582,[1 0 0 2 2 1 0 0 2],0,-3
16273,[1 0 2 2 2 0 1 1 2],-2,-1
7279,[1 2 1 2 2 2 0 0 1],0,1
5309,[2 2 1 1 2 0 1 2 0],0,1
10429,[1 2 0 2 2 0 2 1 1],-1,-1
15716,[2 0 0 0 2 1 0 1 2],0,1
16235,[2 2 0 1 2 0 1 1 2],0,1
11887,[1 2 0 2 2 0 1 2 1],0,1
8323,[1 2 0 2 0 1 2 0 1],0,-1
5311,[1 0 2 1 2 0 1 2 0],-1,1
1872,[0 0 1 0 2 1 2 0 0],0,-2
14247,[0 0 2 2 1 1 1 0 2],0,-2
19549,[1 0 0 1 1 2 2 2 2],0,1
13542,[0 2 1 0 2 1 0 0 2],-1,-1
12998,[2 0 1 1 1 2 2 2 1],-1,0
11984,[2 1 2 2 0 1 1 2 1],-1,0
17109,[0 0 2 0 1 1 2 1 2],0,-1
18329,[2 1 2 0 1 0 1 2 2],-2,-1
5201,[2 2 1 0 1 0 1 2 0],0,1
18778,[1 1 1 2 0 2 1 2 2],0,1
8645,[2 1 0 2 1 2 2 0 1],0,1
17170,[1 2 2 2 1 1 2 1 2],-1,1
1884,[0 1 2 0 2 1 2 0 0],0,1
10725,[0 2 0 1 0 2 2 1 1],0,-2
1050,[0 2 2 2 0 1 1 0 0],-2,-3
17392,[1 1 0 2 1 2 2 1 2],0,1
4383,[0 0 1 0 0 0 0 2 0],2,0
1583,[2 2 1 1 1 0 2 0 0],-2,-2
1604,[2 0 1 2 1 0 2 0 0],0,1
10523,[2 0 2 2 0 1 2 1 1],0,1
6253,[1 2 1 0 2 1 2 2 0],0,1
12129,[0 2 0 2 2 1 1 2 1],0,1
15033,[0 1 2 1 2 1 2 0 2],0,1
16343,[2 2 0 2 0 1 1 1 2],-1,-1
14329,[1 0 2 2 2 1 1 0 2],0,-1
621,[0 0 0 2 1 2 0 0 0],1,0
11504,[2 0 0 0 1 2 0 2 1],-2,-3
18184,[1 1 1 1 2 2 0 2 2],0,1
5257,[1 0 2 2 1 0 1 2 0],-2,-2
17366,[2 1 0 1 1 2 2 1 2],0,1
9711,[0 0 2 2 2 0 1 1 1],0,1
54,[0 0 0 2 0 0 0 0 0],0,-3
8200,[1 0 2 0 2 0 2 0 1],0,1
13002,[0 2 1 1 1 2 2 2 1],-1,0
5322,[0 1 0 2 2 0 1 2 0],-2,-3
4315,[1 1 2 0 2 2 2 1 0],0,1
4455,[0 0 0 0 1 0 0 2 0],0,-2
670,[1 1 2 0 2 2 0 0 0],-1,-1
6878,[2 0 2 2 0 1 0 0 1],-1,-1
4570,[1 2 0 1 2 0 0 2 0],0,1
11649,[0 1 1 2 2 2 0 2 1],0,1
12185,[2 2 0 1 0 2 1 2 1],-1,-1
18600,[0 2 2 1 1 1 1 2 2],-1,1
13149,[0 0 0 1 0 0 0 0 2],2,0
11336,[2 1 2 2 1 1 0 2 1],1,0
8054,[2 2 0 1 0 0 2 0 1],-2,-3
17079,[0 2 1 2 0 1 2 1 2],-2,-1
17064,[0 0 0 2 0 1 2 1 2],-2,-3
19083,[0 1 2 1 1 0 2 2 2],0,1
12200,[2 1 2 1 0 2 1 2 1],-1,0
2885,[2 1 2 1 2 2 0 1 0],-1,-1
2879,[2 2 1 1 2 2 0 1 0],-2,-1
16918,[1 2 1 2 1 0 2 1 2],-1,0
17456,[2 1 1 1 2 2 2 1 2],0,1
10230,[0 2 2 0 0 0 2 1 1],-1,-1
4584,[0 1 2 1 2 0 0 2 0],0,-3
9987,[0 2 2 0 0 2 1 1 1],-1,1
3912,[0 2 2 0 0 1 2 1 0],-1,-1
11253,[0 1 2 2 0 1 0 2 1],0,-2
2598,[0 2 0 0 2 1 0 1 0],0,-2
12237,[0 2 0 0 1 2 1 2 1],0,-1
13956,[0 2 2 0 1 0 1 0 2],-1,-1
16715,[2 0 0 1 2 2 1 1 2],0,1
1365,[0 2 1 2 1 2 1 0 0],-1,1
6431,[2 1 0 1 1 2 2 2 0],-2,-1
4031,[2 2 0 2 1 1 2 1 0],0,1
12394,[1 0 0 0 0 0 2 2 1],0,-2
9971,[2 2 0 0 0 2 1 1 1],-1,1
10631,[2 0 2 0 2 1 2 1 1],0,1
6271,[1 2 0 1 2 1 2 2 0],0,1
17662,[1 1 0 0 2 0 0 2 2],2,0
5406,[0 2 0 2 0 1 1 2 0],-2,-3
7092,[0 0 2 1 0 2 0 0 1],-2,0
19057,[1 1 2 0 1 0 2 2 2],0,1
12544,[1 2 1 2 1 0 2 2 1],0,1
19283,[2 1 0 0 1 1 2 2 2],0,1
737,[2 2 0 0 0 0 1 0 0],1,0
17287,[1 2 0 1 0 2 2 1 2],-2,-1
4962,[0 1 2 0 1 2 0 2 0],-2,-3
18486,[0 0 2 0 0 1 1 2 2],0,-2
7151,[2 1 2 0 1 2 0 0 1],-2,-2
2143,[1 0 1 1 2 2 2 0 0],0,-2
2690,[2 2 1 0 0 2 0 1 0],0,-2
15839,[2 2 1 1 0 2 0 1 2],-2,-1
18706,[1 1 2 2 2 1 1 2 2],-1,1
1406,[2 0 0 1 2 2 1 0 0],0,-3
5577,[0 2 1 2 2 1 1 2 0],0,1
6714,[0 0 2 2 1 0 0 0 1],2,0
15659,[2 2 2 0 1 1 0 1 2],0,1
5418,[0 0 2 2 0 1 1 2 0],-2,-3
16731,[0 0 2 1 2 2 1 1 2],0,1
17688,[0 1 0 1 2 0 0 2 2],-1,-1
18401,[2 1 1 0 2 0 1 2 2],0,1
4704,[0 2 0 0 1 1 0 2 0],0,-3
10664,[2 2 2 1 2 1 2 1 1],0,1
481,[1 1 2 2 2 1 0 0 0],2,0
5005,[1 0 1 2 1 2 0 2 0],0,-1
5315,[2 1 2 1 2 0 1 2 0],-2,-1
5880,[0 1 2 1 0 0 2 2 0],-1,-1
11895,[0 2 1 2 2 0 1 2 1],0,1
664,[1 2 1 0 2 2 0 0 0],-1,-1
2204,[2 2 1 0 0 0 0 1 0],-2,-4
4752,[0 0 0 2 1 1 0 2 0],0,2
13597,[1 2 1 2 2 1 0 0 2],-2,-1
966,[0 1 2 2 2 0 1 0 0],-2,-3
15984,[0 0 0 1 2 2 0 1 2],-1,-1
402,[0 2 2 2 1 1 0 0 0],0,-3
8339,[2 1 2 2 0 1 2 0 1],0,1
19077,[0 2 1 1 1 0 2 2 2],0,1
4758,[0 2 0 2 1 1 0 2 0],0,-2
16786,[1 0 2 0 0 0 2 1 2],-1,-1
10441,[1 0 2 2 2 0 2 1 1],0,1
14899,[1 1 2 2 0 1 2 0 2],0,-1
6354,[0 0 1 1 0 2 2 2 0],-2,-3
16938,[0 0 1 0 2 0 2 1 2],-2,-3
10127,[2 0 0 0 2 2 1 1 1],-1,1
4227,[0 2 1 0 1 2 2 1 0],0,-2
5924,[2 0 1 0 1 0 2 2 0],-1,-1
11933,[2 2 2 0 0 1 1 2 1],0,1
16597,[1 0 2 2 0 2 1 1 2],0,1
15344,[2 2 0 1 0 0 0 1 2],-1,-1
12202,[1 2 2 1 0 2 1 2 1],0,1
4142,[2 0 1 0 0 2 2 1 0],-2,-3
16571,[2 0 2 1 0 2 1 1 2],0,1
11849,[2 1 2 0 2 0 1 2 1],-2,-1
6082,[1 2 0 0 0 1 2 2 0],-1,-1
7,[1 2 0 0 0 0 0 0 0],0,-2
18289,[1 0 1 2 0 0 1 2 2],0,-1
14262,[0 2 0 0 2 1 1 0 2],-1,-1
5052,[0 1 0 1 2 2 0 2 0],0,-2
889,[1 2 2 2 1 0 1 0 0],-2,-2
178,[1 2 1 0 2 0 0 0 0],2,0
16848,[0 0 0 0 1 0 2 1 2],-2,-4
9539,[2 2 0 2 0 0 1 1 1],-1,1
5854,[1 1 2 0 0 0 2 2 0],-1,-1
4307,[2 1 1 0 2 2 2 1 0],-1,-1
4568,[2 1 0 1 2 0 0 2 0],0,-3
4979,[2 0 1 1 1 2 0 2 0],-2,-2
10283,[2 1 2 2 0 0 2 1 1],0,1
8909,[2 2 2 2 1 0 0 1 1],0,1
13311,[0 0 0 1 2 0 0 0 2],-1,0
18520,[1 2 2 1 0 1 1 2 2],0,1
1716,[0 2 1 0 0 1 2 0 0],0,-2
15608,[2 0 0 2 0 1 0 1 2],-1,-1
1764,[0 0 1 2 0 1 2 0 0],2,0
140,[2 1 0 2 1 0 0 0 0],2,0
1931,[2 1 1 2 2 1 2 0 0],0,1
5261,[2 1 2 2 1 0 1 2 0],-2,-1
3960,[0 0 2 2 0 1 2 1 0],-1,-1
11112,[0 2 1 0 2 0 0 2 1],0,1
15881,[2 1 0 0 1 2 0 1 2],-1,1
1584,[0 0 2 1 1 0 2 0 0],0,-4
1207,[1 0 2 2 2 1 1 0 0],0,-2
14647,[1 1 1 2 0 0 2 0 2],0,1
17923,[1 1 2 0 2 1 0 2 2],-2,-1
8573,[2 1 1 2 0 2 2 0 1],0,1
5717,[2 0 2 1 1 2 1 2 0],0,-1
2842,[1 2 0 0 2 2 0 1 0],-2,-3
11843,[2 2 1 0 2 0 1 2 1],0,1
16276,[1 1 2 2 2 0 1 1 2],1,0
12438,[0 0 2 1 0 0 2 2 1],0,-2
2356,[1 2 0 0 2 0 0 1 0],0,-4
11424,[0 1 0 0 0 2 0 2 1],-2,0
7929,[0 0 2 2 1 2 1 0 1],0,-1
12128,[2 1 0 2 2 1 1 2 1],-1,0
1854,[0 0 2 2 1 1 2 0 0],0,-3
3852,[0 0 2 1 2 0 2 1 0],0,1
696,[0 1 2 1 2 2 0 0 0],-1,-1
7099,[1 2 2 1 0 2 0 0 1],0,-1
7116,[0 2 1 2 0 2 0 0 1],0,-2
17099,[2 2 0 0 1 1 2 1 2],1,0
13515,[0 2 1 2 1 1 0 0 2],0,-2
2717,[2 2 1 1 0 2 0 1 0],-2,-2
4104,[0 0 0 2 2 1 2 1 0],-1,-1
14977,[1 0 2 2 1 1 2 0 2],-2,-1
3801,[0 1 2 2 1 0 2 1 0],-1,1
11471,[2 1 2 1 0 2 0 2 1],-1,-1
104,[2 1 2 0 1 0 0 0 0],-2,-4
12179,[2 0 0 1 0 2 1 2 1],0,-2
13228,[1 2 2 0 1 0 0 0 2],-2,-3
10694,[2 0 0 0 0 2 2 1 1],-1,-3
5817,[0 1 1 2 2 2 1 2 0],0,1
15327,[0 0 2 0 0 0 0 1 2],-1,0
15605,[2 2 2 1 0 1 0 1 2],0,1
18317,[2 0 1 0 1 0 1 2 2],0,1
1829,[2 0 2 1 1 1 2 0 0],0,1
13166,[2 2 1 1 0 0 0 0 2],0,-2
1656,[0 0 1 1 2 0 2 0 0],0,-2
5498,[2 2 1 2 1 1 1 2 0],0,1
19069,[1 2 0 1 1 0 2 2 2],0,1
9425,[2 0 0 1 2 2 0 1 1],-2,-2
13696,[1 2 0 0 1 2 0 0 2],-2,-3
6584,[2 1 2 0 0 0 0 0 1],0,-2
10427,[2 1 0 2 2 0 2 1 1],0,1
507,[0 1 2 0 0 2 0 0 0],-1,0
1382,[2 1 0 0 2 2 1 0 0],-1,-1
17634,[0 1 0 2 1 0 0 2 2],-2,-3
17138,[2 0 2 1 1 1 2 1 2],0,1
12883,[1 1 0 0 0 2 2 2 1],-1,-1
12161,[2 0 1 0 0 2 1 2 1],0,-2
10844,[2 2 1 2 1 2 2 1 1],0,1
15504,[0 2 0 1 2 0 0 1 2],0,-3
0,[0 0 0 0 0 0 0 0 0],0,-4
17248,[1 1 2 2 2 1 2 1 2],0,1
10743,[0 2 2 1 0 2 2 1 1],-1,-1
7134,[0 2 0 0 1 2 0 0 1],-2,0
2266,[1 2 2 2 0 0 0 1 0],0,-2
1320,[0 2 2 0 1 2 1 0 0],-1,-1
17093,[2 0 0 0 1 1 2 1 2],1,0
15865,[1 2 1 2 0 2 0 1 2],-2,-1
322,[1 2 2 2 0 1 0 0 0],-2,-3
1652,[2 1 0 1 2 0 2 0 0],-1,-1
11338,[1 2 2 2 1 1 0 2 1],0,1
7997,[2 1 0 2 2 2 1 0 1],0,1
11978,[2 2 1 2 0 1 1 2 1],0,1
12323,[2 0 1 0 2 2 1 2 1],0,-1
13010,[2 1 2 1 1 2 2 2 1],-1,1
18,[0 0 2 0 0 0 0 0 0],0,-3
9695,[2 0 0 2 2 0 1 1 1],-1,1
14102,[2 2 0 0 0 1 1 0 2],-1,-1
5007,[0 1 1 2 1 2 0 2 0],0,-1
10040,[2 1 2 2 0 2 1 1 1],0,1
3822,[0 2 1 0 2 0 2 1 0],0,-3
12134,[2 0 1 2 2 1 1 2 1],0,1
4898,[2 0 1 1 0 2 0 2 0],-2,-3
16830,[0 0 1 2 0 0 2 1 2],-2,-3
11408,[2 1 1 2 2 1 0 2 1],0,1
712,[1 0 1 2 2 2 0 0 0],0,1
15492,[0 1 2 0 2 0 0 1 2],-1,-1
6264,[0 0 0 1 2 1 2 2 0],-1,-1
515,[2 0 0 1 0 2 0 0 0],-2,0
2645,[2 2 2 1 2 1 0 1 0],0,1
5681,[2 0 1 0 1 2 1 2 0],-1,1
15739,[1 2 2 0 2 1 0 1 2],-2,-1
7793,[2 2 1 0 0 2 1 0 1],-1,-1
12893,[2 1 1 0 0 2 2 2 1],-1,-1
4176,[0 0 2 1 0 2 2 1 0],-1,-1
17895,[0 1 2 2 1 1 0 2 2],-2,-1
1463,[2 1 0 0 0 0 2 0 0],-1,0
14315,[2 1 0 2 2 1 1 0 2],0,1
17896,[1 1 2 2 1 1 0 2 2],1,0
17386,[1 2 2 1 1 2 2 1 2],0,1
12622,[1 1 1 2 2 0 2 2 1],0,1
2829,[0 1 2 2 1 2 0 1 0],-1,1
8562,[0 1 0 2 0 2 2 0 1],-1,-1
18369,[0 0 1 2 1 0 1 2 2],0,1
3870,[0 0 1 2 2 0 2 1 0],-1,-1
10820,[2 0 2 1 1 2 2 1 1],1,0
3851,[2 2 1 1 2 0 2 1 0],-2,-1
15966,[0 0 1 0 2 2 0 1 2],-1,-1
11201,[2 1 2 0 0 1 0 2 1],0,-2
1915,[1 2 2 1 2 1 2 0 0],0,1
14486,[2 1 1 2 1 2 1 0 2],0,1
14147,[2 2 2 1 0 1 1 0 2],0,1
6269,[2 1 0 1 2 1 2 2 0],-1,-1
15971,[2 1 1 0 2 2 0 1 2],0,1
17506,[1 0 1 0 0 0 0 2 2],0,2
8516,[2 0 1 0 0 2 2 0 1],-2,-3
16873,[1 2 2 0 1 0 2 1 2],-1,-1
16686,[0 0 0 0 2 2 1 1 2],-1,-1
8510,[2 1 0 0 0 2 2 0 1],-2,-3
460,[1 0 0 2 2 1 0 0 0],0,-4
16658,[2 2 2 1 1 2 1 1 2],0,1
7917,[0 2 0 2 1 2 1 0 1],0,-1
18109,[1 0 2 1 1 2 0 2 2],0,1
2903,[2 1 1 2 2 2 0 1 0],-1,1
19224,[0 0 0 1 0 1 2 2 2],0,1
13438,[1 0 2 2 0 1 0 0 2],-2,-3
18415,[1 0 0 1 2 0 1 2 2],-1,1
18522,[0 0 0 2 0 1 1 2 2],-2,-3
2041,[1 2 1 0 1 2 2 0 0],-2,-2
528,[0 2 1 1 0 2 0 0 0],-2,0
16520,[2 1 2 2 2 1 1 1 2],0,1
16677,[0 0 2 2 1 2 1 1 2],0,1
18614,[2 0 1 2 1 1 1 2 2],0,1
16091,[2 2 2 1 0 0 1 1 2],0,1
10383,[0 2 1 0 2 0 2 1 1],0,-2
12249,[0 0 2 0 1 2 1 2 1],-2,-2
1863,[0 0 0 0 2 1 2 0 0],-1,0
17229,[0 1 0 2 2 1 2 1 2],-1,-1
1404,[0 0 0 1 2 2 1 0 0],0,-4
7272,[0 0 1 2 2 2 0 0 1],0,1
11736,[0 0 2 2 0 0 1 2 1],-2,-3
16223,[2 1 2 0 2 0 1 1 2],0,1
4357,[1 0 1 2 2 2 2 1 0],0,1
15901,[1 2 2 0 1 2 0 1 2],0,1
18574,[1 2 2 0 1 1 1 2 2],-2,0
1485,[0 0 0 1 0 0 2 0 0],2,0
4887,[0 0 0 1 0 2 0 2 0],-2,-1
2911,[1 1 2 2 2 2 0 1 0],0,1
11578,[1 1 2 2 1 2 0 2 1],0,1
10710,[0 0 2 0 0 2 2 1 1],0,-2
5423,[2 1 2 2 0 1 1 2 0],-1,-1
320,[2 1 2 2 0 1 0 0 0],-2,-3
884,[2 0 2 2 1 0 1 0 0],-2,-3
18301,[1 1 2 2 0 0 1 2 2],-1,-1
5268,[0 1 0 0 2 0 1 2 0],0,-4
18064,[1 0 0 0 1 2 0 2 2],-1,-1
8656,[1 2 1 2 1 2 2 0 1],0,1
2040,[0 2 1 0 1 2 2 0 0],0,-3
13718,[2 0 0 1 1 2 0 0 2],-2,-3
17404,[1 2 1 2 1 2 2 1 2],-1,1
2422,[1 0 2 2 2 0 0 1 0],-1,-1
16217,[2 2 1 0 2 0 1 1 2],0,1
15378,[0 2 1 2 0 0 0 1 2],-2,-3
87,[0 2 0 0 1 0 0 0 0],0,-2
18282,[0 1 0 2 0 0 1 2 2],0,-2
12146,[2 1 2 2 2 1 1 2 1],-1,1
8651,[2 0 1 2 1 2 2 0 1],0,1
1882,[1 0 2 0 2 1 2 0 0],0,1
15019,[1 2 0 1 2 1 2 0 2],-1,-1
12062,[2 0 2 2 1 1 1 2 1],1,0
686,[2 0 1 1 2 2 0 0 0],0,-3
15079,[1 1 1 0 0 2 2 0 2],0,1
10826,[2 2 2 1 1 2 2 1 1],0,1
8003,[2 0 1 2 2 2 1 0 1],0,1
5754,[0 1 0 0 2 2 1 2 0],-2,-3
13008,[0 1 2 1 1 2 2 2 1],-1,0
8633,[2 0 2 1 1 2 2 0 1],-2,-1
11432,[2 0 1 0 0 2 0 2 1],-2,-3
12786,[0 2 1 2 1 1 2 2 1],0,1
7203,[0 1 2 2 1 2 0 0 1],0,-1
5061,[0 1 1 1 2 2 0 2 0],-2,-2
18995,[2 1 1 1 0 0 2 2 2],0,1
17943,[0 2 1 1 2 1 0 2 2],0,1
17881,[1 2 0 2 1 1 0 2 2],-2,-1
13708,[1 0 2 0 1 2 0 0 2],0,1
5531,[2 1 2 0 2 1 1 2 0],-1,-1
10699,[1 2 0 0 0 2 2 1 1],0,-2
16961,[2 1 0 1 2 0 2 1 2],0,1
17147,[2 0 0 2 1 1 2 1 2],0,1
6748,[1 2 2 0 2 0 0 0 1],-1,-1
11413,[1 0 2 2 2 1 0 2 1],-1,-1
7721,[2 2 2 0 2 1 1 0 1],0,1
5526,[0 0 2 0 2 1 1 2 0],0,-3
14772,[0 1 0 1 2 0 2 0 2],-1,-1
5065,[1 2 1 1 2 2 0 2 0],0,1
12152,[2 0 0 0 0 2 1 2 1],-2,-3
4199,[2 1 1 2 0 2 2 1 0],0,1
1623,[0 1 0 0 2 0 2 0 0],-1,0
574,[1 2 0 0 1 2 0 0 0],-2,0
12350,[2 0 1 1 2 2 1 2 1],1,0
10924,[1 2 1 2 2 2 2 1 1],0,1
4892,[2 1 0 1 0 2 0 2 0],-2,-3
11250,[0 0 2 2 0 1 0 2 1],-1,-3
2330,[2 2 0 2 1 0 0 1 0],-1,-1
17815,[1 1 2 2 0 1 0 2 2],-2,-1
17263,[1 0 1 0 0 2 2 1 2],-1,-2
4320,[0 0 0 1 2 2 2 1 0],0,-3
8331,[0 2 1 2 0 1 2 0 1],-1,1
6231,[0 1 2 2 1 1 2 2 0],-1,-1
16496,[2 2 2 1 2 1 1 1 2],0,1
15979,[1 1 2 0 2 2 0 1 2],0,1
802,[1 0 2 2 0 0 1 0 0],0,2
10930,[1 1 2 2 2 2 2 1 1],0,1
18659,[2 0 0 1 2 1 1 2 2],0,1
13502,[2 0 0 2 1 1 0 0 2],-2,-3
2247,[0 2 0 2 0 0 0 1 0],-2,-1
15109,[1 2 1 1 0 2 2 0 2],-1,-1
9659,[2 0 2 0 2 0 1 1 1],0,1
13440,[0 1 2 2 0 1 0 0 2],-2,-3
12882,[0 1 0 0 0 2 2 2 1],0,-2
12961,[1 0 0 0 1 2 2 2 1],-1,1
11231,[2 2 2 1 0 1 0 2 1],0,1
16206,[0 2 0 0 2 0 1 1 2],0,-3
14491,[1 0 2 2 1 2 1 0 2],0,1
13294,[1 0 1 0 2 0 0 0 2],0,-4
1503,[0 0 2 1 0 0 2 0 0],-2,0
4186,[1 0 0 2 0 2 2 1 0],0,-2
10176,[0 2 2 1 2 2 1 1 1],0,1
1278,[0 0 1 2 0 2 1 0 0],2,0
4147,[1 2 1 0 0 2 2 1 0],-2,-2
11824,[1 2 2 2 1 0 1 2 1],0,1
11198,[2 0 2 0 0 1 0 2 1],-1,-3
12420,[0 0 0 1 0 0 2 2 1],0,-2
18487,[1 0 2 0 0 1 1 2 2],-2,-2
13752,[0 0 1 2 1 2 0 0 2],1,0
17043,[0 2 0 1 0 1 2 1 2],0,-2
1556,[2 2 1 0 1 0 2 0 0],-2,-3
10277,[2 2 1 2 0 0 2 1 1],0,1
11624,[2 1 1 1 2 2 0 2 1],-1,0
14502,[0 1 0 0 2 2 1 0 2],-1,-1
7751,[2 0 0 2 2 1 1 0 1],0,-1
12597,[0 2 1 1 2 0 2 2 1],0,1
3896,[2 2 0 0 0 1 2 1 0],-1,-1
1920,[0 1 0 2 2 1 2 0 0],-1,-1
3692,[2 0 2 1 0 0 2 1 0],-1,-1
11517,[0 2 1 0 1 2 0 2 1],0,-1
4374,[0 0 0 0 0 0 0 2 0],0,-3
8494,[1 2 1 2 2 1 2 0 1],0,1
6426,[0 0 0 1 1 2 2 2 0],0,-3
12665,[2 0 0 1 0 1 2 2 1],0,-1
15705,[0 0 2 2 1 1 0 1 2],-2,-2
872,[2 2 0 2 1 0 1 0 0],2,0
16549,[1 2 2 0 0 2 1 1 2],0,1
12317,[2 1 0 0 2 2 1 2 1],-1,-1
18382,[1 1 2 2 1 0 1 2 2],1,0
8601,[0 2 1 0 1 2 2 0 1],-2,-2
7220,[2 0 1 0 2 2 0 0 1],-2,-3
7470,[0 0 2 0 2 0 1 0 1],0,-4
14201,[2 2 2 0 1 1 1 0 2],0,1
1316,[2 0 2 0 1 2 1 0 0],-1,-1
13722,[0 2 0 1 1 2 0 0 2],-2,-3
14337,[0 0 0 0 0 2 1 0 2],-1,0
4715,[2 2 1 0 1 1 0 2 0],0,-1
15731,[2 2 1 0 2 1 0 1 2],0,1
18275,[2 1 2 1 0 0 1 2 2],-1,-1
12388,[1 1 2 2 2 2 1 2 1],0,1
18234,[0 0 1 0 0 0 1 2 2],0,-2
7031,[2 0 1 2 2 1 0 0 1],-1,1
10511,[2 2 0 2 0 1 2 1 1],0,1
6986,[2 0 2 0 2 1 0 0 1],-1,-1
2742,[0 2 1 2 0 2 0 1 0],-2,-3
8249,[2 1 1 2 2 0 2 0 1],0,1
11641,[1 1 0 2 2 2 0 2 1],0,1
16913,[2 0 1 2 1 0 2 1 2],0,1
5783,[2 1 0 1 2 2 1 2 0],-2,-1
1859,[2 1 2 2 1 1 2 0 0],0,1
14672,[2 0 1 0 1 0 2 0 2],-1,-1
14878,[1 0 0 2 0 1 2 0 2],-2,-3
11565,[0 0 1 2 1 2 0 2 1],0,-1
11525,[2 1 2 0 1 2 0 2 1],-1,-1
2756,[2 0 0 0 1 2 0 1 0],-2,0
18358,[1 2 2 1 1 0 1 2 2],0,1
19371,[0 1 1 0 2 1 2 2 2],0,1
5559,[0 2 2 1 2 1 1 2 0],0,1
13651,[1 2 1 1 0 2 0 0 2],-2,-2
12344,[2 1 0 1 2 2 1 2 1],-1,0
398,[2 0 2 2 1 1 0 0 0],-1,-1
8699,[2 1 0 1 2 2 2 0 1],-2,-1
1817,[2 2 0 1 1 1 2 0 0],-1,1
8725,[1 1 0 2 2 2 2 0 1],0,1
5425,[1 2 2 2 0 1 1 2 0],-2,-1
5610,[0 1 2 0 0 2 1 2 0],-2,-3
12333,[0 1 2 0 2 2 1 2 1],-2,-1
1719,[0 0 2 0 0 1 2 0 0],-2,0
13703,[2 1 1 0 1 2 0 0 2],0,-1
19263,[0 1 1 2 0 1 2 2 2],0,1
4671,[0 0 0 2 0 1 0 2 0],-2,-1
45,[0 0 2 1 0 0 0 0 0],2,0
11442,[0 1 2 0 0 2 0 2 1],-2,-3
17236,[1 0 1 2 2 1 2 1 2],-2,0
13018,[1 1 0 2 1 2 2 2 1],0,1
18721,[1 0 1 0 0 2 1 2 2],0,-1
15795,[0 0 0 0 0 2 0 1 2],-1,0
5204,[2 0 2 0 1 0 1 2 0],-2,-3
18335,[2 0 0 1 1 0 1 2 2],0,-1
4941,[0 0 0 0 1 2 0 2 0],0,-1
18226,[1 0 0 0 0 0 1 2 2],0,-3
14163,[0 2 1 2 0 1 1 0 2],0,-2
11022,[0 2 0 0 1 0 0 2 1],0,-3
5793,[0 2 1 1 2 2 1 2 0],0,1
3393,[0 0 2 2 2 1 1 1 0],0,-2
3749,[2 1 2 0 1 0 2 1 0],-1,1
1600,[1 2 0 2 1 0 2 0 0],2,0
7184,[2 0 0 2 1 2 0 0 1],0,-2
11985,[0 2 2 2 0 1 1 2 1],-1,-1
5693,[2 1 2 0 1 2 1 2 0],-1,-1
14828,[2 1 0 0 0 1 2 0 2],-1,-1
18645,[0 2 1 0 2 1 1 2 2],0,1
8630,[2 2 1 1 1 2 2 0 1],-1,0
9457,[1 2 0 2 2 2 0 1 1],0,1
17598,[0 1 2 0 1 0 0 2 2],-1,-1
18339,[0 2 0 1 1 0 1 2 2],0,-1
19557,[0 0 1 1 1 2 2 2 2],0,1
13675,[1 1 1 2 0 2 0 0 2],-1,1
12481,[1 2 0 0 1 0 2 2 1],0,1
6734,[2 0 1 0 2 0 0 0 1],0,-4
4296,[0 1 0 0 2 2 2 1 0],-1,-1
8449,[1 2 2 0 2 1 2 0 1],0,1
17694,[0 0 1 1 2 0 0 2 2],-1,-1
12558,[0 1 0 0 2 0 2 2 1],0,-2
18801,[0 0 1 0 1 2 1 2 2],0,1
10527,[0 2 2 2 0 1 2 1 1],-1,-1
1868,[2 1 0 0 2 1 2 0 0],-1,-1
14886,[0 0 1 2 0 1 2 0 2],-1,-1
19038,[0 1 0 0 1 0 2 2 2],0,1
4146,[0 2 1 0 0 2 2 1 0],-2,-3
5603,[2 1 1 0 0 2 1 2 0],0,-2
4065,[0 2 1 0 2 1 2 1 0],0,-2
3678,[0 2 0 1 0 0 2 1 0],2,0
14988,[0 1 0 0 2 1 2 0 2],-1,-1
19400,[2 1 1 1 2 1 2 2 2],0,1
10865,[2 0 1 0 2 2 2 1 1],-2,-1
303,[0 2 0 2 0 1 0 0 0],-2,-1
2070,[0 0 2 1 1 2 2 0 0],0,-3
15094,[1 0 0 1 0 2 2 0 2],-1,-1
7238,[2 0 0 1 2 2 0 0 1],0,-3
2240,[2 2 2 1 0 0 0 1 0],0,1
7070,[2 1 2 0 0 2 0 0 1],0,-2
17464,[1 1 2 1 2 2 2 1 2],0,1
1154,[2 0 2 0 2 1 1 0 0],-1,-1
14469,[0 2 2 1 1 2 1 0 2],0,1
7316,[2 2 2 0 0 0 1 0 1],0,1
12651,[0 2 1 0 0 1 2 2 1],-1,1
2052,[0 0 0 1 1 2 2 0 0],2,-2
17299,[1 0 2 1 0 2 2 1 2],0,1
17295,[0 2 1 1 0 2 2 1 2],-2,-1
5369,[2 1 2 0 0 1 1 2 0],-2,-2
12836,[2 0 1 1 2 1 2 2 1],0,1
296,[2 2 2 1 0 1 0 0 0],0,1
12706,[1 2 1 2 0 1 2 2 1],0,1
14542,[1 2 1 1 2 2 1 0 2],0,1
299,[2 0 0 2 0 1 0 0 0],-2,0
5249,[2 0 1 2 1 0 1 2 0],-1,1
12582,[0 0 0 1 2 0 2 2 1],-1,-1
6704,[2 2 0 2 1 0 0 0 1],-1,-1
16468,[1 2 2 0 2 1 1 1 2],-2,0
5644,[1 0 0 2 0 2 1 2 0],0,-2
13190,[2 1 1 2 0 0 0 0 2],-1,-1
10433,[2 0 1 2 2 0 2 1 1],0,1
17265,[0 1 1 0 0 2 2 1 2],0,-1
1479,[0 1 2 0 0 0 2 0 0],-2,0
16800,[0 2 0 1 0 0 2 1 2],-2,-3
7782,[0 2 0 0 0 2 1 0 1],-1,-1
18747,[0 0 1 1 0 2 1 2 2],0,-1
8007,[0 2 1 2 2 2 1 0 1],0,1
6030,[0 0 1 1 2 0 2 2 0],-1,-1
14083,[1 2 1 2 2 0 1 0 2],0,-1
4165,[1 2 0 1 0 2 2 1 0],0,-2
16021,[1 0 1 2 2 2 0 1 2],0,1
13382,[2 2 1 0 0 1 0 0 2],0,-2
17379,[0 0 2 1 1 2 2 1 2],0,1
13811,[2 1 1 1 2 2 0 0 2],0,1
8963,[2 2 2 1 2 0 0 1 1],0,1
12326,[2 1 1 0 2 2 1 2 1],1,0
7080,[0 2 0 1 0 2 0 0 1],-2,0
4377,[0 1 0 0 0 0 0 2 0],0,-2
17935,[1 2 0 1 2 1 0 2 2],0,1
12345,[0 2 0 1 2 2 1 2 1],0,1
13572,[0 0 2 1 2 1 0 0 2],-1,-1
12603,[0 1 2 1 2 0 2 2 1],0,1
956,[2 0 1 2 2 0 1 0 0],-1,-1
12976,[1 2 1 0 1 2 2 2 1],0,1
11523,[0 1 2 0 1 2 0 2 1],-2,-2
17512,[1 2 1 0 0 0 0 2 2],-1,-1
16575,[0 2 2 1 0 2 1 1 2],-1,1
7153,[1 2 2 0 1 2 0 0 1],0,1
8210,[2 0 0 1 2 0 2 0 1],0,-3
8108,[2 2 0 0 1 0 2 0 1],1,-1
141,[0 2 0 2 1 0 0 0 0],0,-1
6130,[1 0 0 2 0 1 2 2 0],0,-2
14716,[1 0 0 2 1 0 2 0 2],-2,-3
15516,[0 0 2 1 2 0 0 1 2],-1,-1
13127,[2 1 0 0 0 0 0 0 2],-2,0
11557,[1 0 0 2 1 2 0 2 1],-1,1
5155,[1 2 2 1 0 0 1 2 0],-1,1
14778,[0 0 1 1 2 0 2 0 2],-1,-1
11247,[0 2 1 2 0 1 0 2 1],-1,1
8188,[1 2 0 0 2 0 2 0 1],-1,-1
11255,[2 1 2 2 0 1 0 2 1],-1,-1
14114,[2 0 2 0 0 1 1 0 2],-1,-1
8487,[0 0 1 2 2 1 2 0 1],0,1
5594,[2 1 0 0 0 2 1 2 0],-2,-3
1508,[2 1 2 1 0 0 2 0 0],0,-2
12173,[2 1 2 0 0 2 1 2 1],-1,-1
11152,[1 0 0 2 2 0 0 2 1],-1,-1
2324,[2 0 0 2 1 0 0 1 0],2,0
4998,[0 1 0 2 1 2 0 2 0],0,-2
16794,[0 0 0 1 0 0 2 1 2],0,-2
5870,[2 0 1 1 0 0 2 2 0],-2,-3
7346,[2 0 0 2 0 0 1 0 1],0,1
1262,[2 0 2 1 0 2 1 0 0],-1,-1
6143,[2 1 1 2 0 1 2 2 0],0,1
9392,[2 1 2 2 1 2 0 1 1],0,1
11358,[0 0 2 0 2 1 0 2 1],1,-1
16145,[2 2 2 0 1 0 1 1 2],0,1
11805,[0 2 0 2 1 0 1 2 1],0,-1
4927,[1 1 1 2 0 2 0 2 0],-1,1
4642,[1 2 2 0 0 1 0 2 0],0,-2
14387,[2 1 2 1 0 2 1 0 2],0,1
18826,[1 2 0 1 1 2 1 2 2],0,1
11513,[2 0 1 0 1 2 0 2 1],-2,-2
12093,[0 2 2 0 2 1 1 2 1],0,1
16869,[0 1 2 0 1 0 2 1 2],0,1
4678,[1 2 0 2 0 1 0 2 0],-2,-3
1853,[2 2 1 2 1 1 2 0 0],0,1
13618,[1 0 1 0 0 2 0 0 2],0,1
17518,[1 1 2 0 0 0 0 2 2],-1,-1
17445,[0 1 0 1 2 2 2 1 2],-1,-1
16670,[2 0 1 2 1 2 1 1 2],0,1
4267,[1 0 0 2 1 2 2 1 0],0,-1
10412,[2 2 1 1 2 0 2 1 1],-1,0
13521,[0 1 2 2 1 1 0 0 2],-2,-2
16542,[0 0 2 0 0 2 1 1 2],0,1
2414,[2 0 1 2 2 0 0 1 0],-1,-1
8705,[2 0 1 1 2 2 2 0 1],0,-1
15487,[1 2 1 0 2 0 0 1 2],-2,-2
2972,[2 0 0 2 0 0 1 1 0],0,1
12911,[2 1 0 1 0 2 2 2 1],-2,-1
171,[0 0 1 0 2 0 0 0 0],0,-1
12529,[1 0 0 2 1 0 2 2 1],0,1
5833,[1 0 0 0 0 0 2 2 0],-1,0
1724,[2 1 2 0 0 1 2 0 0],-1,-1
12251,[2 0 2 0 1 2 1 2 1],-1,-1
8607,[0 1 2 0 1 2 2 0 1],0,-1
11963,[2 0 0 2 0 1 1 2 1],-1,-2
5256,[0 0 2 2 1 0 1 2 0],0,-3
263,[2 0 2 0 0 1 0 0 0],-1,0
5160,[0 1 0 2 0 0 1 2 0],-2,0
8316,[0 0 0 2 0 1 2 0 1],2,0
17584,[1 2 0 0 1 0 0 2 2],0,-2
16110,[0 0 2 2 0 0 1 1 2],-1,-3
18468,[0 0 0 0 0 1 1 2 2],0,-2
6758,[2 2 0 1 2 0 0 0 1],-1,-1
8539,[1 2 0 1 0 2 2 0 1],0,-2
18622,[1 0 2 2 1 1 1 2 2],-1,0
12092,[2 1 2 0 2 1 1 2 1],-1,0
4999,[1 1 0 2 1 2 0 2 0],0,-1
12921,[0 2 1 1 0 2 2 2 1],-2,-1
8497,[1 0 2 2 2 1 2 0 1],0,1
16972,[1 2 1 1 2 0 2 1 2],-1,0
11202,[0 2 2 0 0 1 0 2 1],-1,-1
10034,[2 2 1 2 0 2 1 1 1],0,1
1350,[0 0 0 2 1 2 1 0 0],0,-3
5505,[0 2 2 2 1 1 1 2 0],-2,-1
14028,[0 2 1 0 2 0 1 0 2],-1,-1
1913,[2 1 2 1 2 1 2 0 0],0,1
16767,[0 0 0 0 0 0 2 1 2],-2,-2
5411,[2 0 1 2 0 1 1 2 0],0,-1
13538,[2 0 1 0 2 1 0 0 2],0,1
3734,[2 2 0 0 1 0 2 1 0],1,-1
5510,[2 0 0 0 2 1 1 2 0],-1,-1
15539,[2 1 1 2 2 0 0 1 2],0,1
926,[2 2 0 1 2 0 1 0 0],-1,-1
8161,[1 2 0 2 1 0 2 0 1],-1,1
3084,[0 2 0 0 2 0 1 1 0],0,-4
15398,[2 2 0 0 1 0 0 1 2],0,-3
6331,[1 1 1 0 0 2 2 2 0],-1,1
16504,[1 2 0 2 2 1 1 1 2],-2,0
4450,[1 1 2 2 0 0 0 2 0],-1,-3
162,[0 0 0 0 2 0 0 0 0],0,-3
7801,[1 2 2 0 0 2 1 0 1],0,-1
11724,[0 2 0 2 0 0 1 2 1],0,-2
10131,[0 2 0 0 2 2 1 1 1],-1,1
6024,[0 1 0 1 2 0 2 2 0],-1,-1
17177,[2 1 0 0 2 1 2 1 2],0,1
19245,[0 1 2 1 0 1 2 2 2],0,1
4282,[1 2 1 2 1 2 2 1 0],-1,0
19479,[0 1 1 1 0 2 2 2 2],0,1
16776,[0 0 1 0 0 0 2 1 2],0,-2
14785,[1 2 1 1 2 0 2 0 2],-2,-1
19389,[0 1 0 1 2 1 2 2 2],0,1
13322,[2 0 1 1 2 0 0 0 2],0,1
403,[1 2 2 2 1 1 0 0 0],-2,-2
15052,[1 1 1 2 2 1 2 0 2],0,1
6441,[0 2 1 1 1 2 2 2 0],-2,-1
3799,[1 0 2 2 1 0 2 1 0],0,-1
602,[2 2 0 1 1 2 0 0 0],-2,-3
15732,[0 0 2 0 2 1 0 1 2],-1,-1
12659,[2 1 2 0 0 1 2 2 1],0,-1
4294,[1 0 0 0 2 2 2 1 0],-1,-1
950,[2 1 0 2 2 0 1 0 0],-1,-1
14954,[2 1 2 1 1 1 2 0 2],0,1
1658,[2 0 1 1 2 0 2 0 0],0,-3
12864,[0 1 1 2 2 1 2 2 1],0,1
4480,[1 2 2 0 1 0 0 2 0],1,0
17744,[2 1 0 0 0 1 0 2 2],-1,-1
14081,[2 1 1 2 2 0 1 0 2],0,1
10393,[1 2 2 0 2 0 2 1 1],0,1
17939,[2 0 1 1 2 1 0 2 2],0,1
11390,[2 1 2 1 2 1 0 2 1],1,0
17193,[0 1 2 0 2 1 2 1 2],0,1
8549,[2 2 1 1 0 2 2 0 1],-2,-1
11102,[2 1 0 0 2 0 0 2 1],0,-3
16951,[1 1 2 0 2 0 2 1 2],0,1
11979,[0 0 2 2 0 1 1 2 1],0,-2
13548,[0 1 2 0 2 1 0 0 2],-1,-1
1209,[0 1 2 2 2 1 1 0 0],-1,-2
8021,[2 0 0 0 0 0 2 0 1],-1,0
12906,[0 0 0 1 0 2 2 2 1],-2,-3
19051,[1 2 1 0 1 0 2 2 2],0,1
4229,[2 2 1 0 1 2 2 1 0],-2,-1
17262,[0 0 1 0 0 2 2 1 2],0,-2
466,[1 2 0 2 2 1 0 0 0],-2,-3
428,[2 1 2 0 2 1 0 0 0],-1,-1
12805,[1 2 0 0 2 1 2 2 1],0,1
17054,[2 2 1 1 0 1 2 1 2],1,0
19073,[2 0 1 1 1 0 2 2 2],0,1
11739,[0 1 2 2 0 0 1 2 1],-2,-2
8190,[0 0 1 0 2 0 2 0 1],0,-4
12233,[2 0 0 0 1 2 1 2 1],-2,-2
13141,[1 0 2 0 0 0 0 0 2],-1,0
2248,[1 2 0 2 0 0 0 1 0],-2,0
15937,[1 2 0 2 1 2 0 1 2],-2,-1
7277,[2 1 1 2 2 2 0 0 1],0,1
2063,[2 0 1 1 1 2 2 0 0],-2,-2
495,[0 0 1 0 0 2 0 0 0],0,-2
10313,[2 2 2 0 1 0 2 1 1],0,1
2995,[1 2 2 2 0 0 1 1 0],-2,-2
15695,[2 2 0 2 1 1 0 1 2],-1,-1
10992,[0 1 0 2 0 0 0 2 1],-2,0
662,[2 1 1 0 2 2 0 0 0],1,-1
14089,[1 1 2 2 2 0 1 0 2],-1,-1
12495,[0 1 2 0 1 0 2 2 1],-2,-2
2093,[2 1 1 2 1 2 2 0 0],0,1
15721,[1 2 0 0 2 1 0 1 2],-1,-2
902,[2 0 1 0 2 0 1 0 0],2,0
8063,[2 2 1 1 0 0 2 0 1],-2,-2
6614,[2 2 2 1 0 0 0 0 1],0,1
4335,[0 2 1 1 2 2 2 1 0],-2,-1
2591,[2 2 2 2 1 1 0 1 0],0,1
14024,[2 0 1 0 2 0 1 0 2],0,1
15711,[0 2 2 2 1 1 0 1 2],-2,-1
10946,[2 0 1 0 0 0 0 2 1],-2,0
11615,[2 1 0 1 2 2 0 2 1],-1,-1
2456,[2 2 2 0 0 1 0 1 0],0,1
4478,[2 1 2 0 1 0 0 2 0],-2,-3
15882,[0 2 0 0 1 2 0 1 2],-2,-3
14527,[1 0 0 1 2 2 1 0 2],0,1
12375,[0 0 1 2 2 2 1 2 1],0,1
19155,[0 1 1 1 2 0 2 2 2],0,1
4075,[1 2 2 0 2 1 2 1 0],0,1
9983,[2 0 2 0 0 2 1 1 1],0,1
6520,[1 1 1 1 2 2 2 2 0],0,1
8681,[2 1 1 0 2 2 2 0 1],-2,-1
17341,[1 2 0 0 1 2 2 1 2],-2,-1
18376,[1 2 1 2 1 0 1 2 2],0,1
19285,[1 2 0 0 1 1 2 2 2],0,1
2892,[0 1 0 2 2 2 0 1 0],0,1
5320,[1 0 0 2 2 0 1 2 0],-1,-1
19387,[1 0 0 1 2 1 2 2 2],0,1
9455,[2 1 0 2 2 2 0 1 1],0,1
4056,[0 2 0 0 2 1 2 1 0],0,-3
17025,[0 2 1 0 0 1 2 1 2],0,-2
6668,[2 2 2 0 1 0 0 0 1],0,1
2646,[0 0 0 2 2 1 0 1 0],0,-2
6408,[0 0 1 0 1 2 2 2 0],0,-3
11531,[2 0 0 1 1 2 0 2 1],-2,-2
12927,[0 1 2 1 0 2 2 2 1],-2,-1
15779,[2 0 1 2 2 1 0 1 2],0,1
12443,[2 1 2 1 0 0 2 2 1],-1,-1
12493,[1 0 2 0 1 0 2 2 1],0,1
6206,[2 1 2 1 1 1 2 2 0],0,1
16674,[0 2 1 2 1 2 1 1 2],0,1
10628,[2 2 1 0 2 1 2 1 1],0,1
4109,[2 1 0 2 2 1 2 1 0],0,1
15017,[2 1 0 1 2 1 2 0 2],0,1
12740,[2 1 2 0 1 1 2 2 1],1,0
13991,[2 1 0 2 1 0 1 0 2],0,-1
4431,[0 1 0 2 0 0 0 2 0],-2,-1
486,[0 0 0 0 0 2 0 0 0],0,-3
8475,[0 2 2 1 2 1 2 0 1],0,1
5298,[0 2 0 1 2 0 1 2 0],0,1
1398,[0 1 2 0 2 2 1 0 0],-1,-1
11069,[2 2 2 1 1 0 0 2 1],0,1
10142,[2 2 1 0 2 2 1 1 1],0,1
14537,[2 0 1 1 2 2 1 0 2],0,1
18630,[0 0 0 0 2 1 1 2 2],-1,-1
1608,[0 2 1 2 1 0 2 0 0],0,-3
8568,[0 0 1 2 0 2 2 0 1],-1,-1
8078,[2 1 0 2 0 0 2 0 1],0,1
7259,[2 1 2 1 2 2 0 0 1],-2,-1
16269,[0 2 1 2 2 0 1 1 2],0,-1
14258,[2 0 0 0 2 1 1 0 2],0,1
14014,[1 0 0 0 2 0 1 0 2],0,-2
7253,[2 2 1 1 2 2 0 0 1],-2,-1
167,[2 1 0 0 2 0 0 0 0],-1,0
8827,[1 2 2 2 0 0 0 1 1],0,-1
10834,[1 2 0 2 1 2 2 1 1],0,1
1918,[1 0 0 2 2 1 2 0 0],0,-2
8202,[0 1 2 0 2 0 2 0 1],0,1
1028,[2 0 0 2 0 1 1 0 0],-2,0
3862,[1 0 0 2 2 0 2 1 0],-1,-1
6774,[0 2 2 1 2 0 0 0 1],-1,-1
5767,[1 2 1 0 2 2 1 2 0],0,1
12248,[2 2 1 0 1 2 1 2 1],0,1
18252,[0 0 0 1 0 0 1 2 2],0,-3
15850,[1 0 0 2 0 2 0 1 2],-1,-1
9699,[0 2 0 2 2 0 1 1 1],-1,1
6578,[2 2 1 0 0 0 0 0 1],0,-3
17289,[0 0 1 1 0 2 2 1 2],-2,-2
15944,[2 1 1 2 1 2 0 1 2],0,1
3704,[2 1 0 2 0 0 2 1 0],0,1
13435,[1 2 1 2 0 1 0 0 2],0,-2
14070,[0 1 0 2 2 0 1 0 2],-1,-1
1051,[1 2 2 2 0 1 1 0 0],-2,-2
7242,[0 2 0 1 2 2 0 0 1],-2,-3
11331,[0 0 2 2 1 1 0 2 1],0,-2
12077,[2 2 0 0 2 1 1 2 1],0,1
2189,[2 0 0 0 0 0 0 1 0],2,0
5665,[1 1 2 2 0 2 1 2 0],-1,-1
4247,[2 2 0 1 1 2 2 1 0],-2,-1
1276,[1 2 0 2 0 2 1 0 0],0,-2
18964,[1 0 1 0 0 0 2 2 2],0,1
3836,[2 0 0 1 2 0 2 1 0],-1,-1
2669,[2 1 2 2 2 1 0 1 0],-1,-1
13783,[1 1 1 0 2 2 0 0 2],0,1
5543,[2 2 0 1 2 1 1 2 0],0,1
15911,[2 2 0 1 1 2 0 1 2],-2,-1
15526,[1 0 0 2 2 0 0 1 2],-2,-3
10861,[1 2 0 0 2 2 2 1 1],-1,-1
5621,[2 1 0 1 0 2 1 2 0],0,-2
9259,[1 2 2 0 0 2 0 1 1],0,-1
8521,[1 2 1 0 0 2 2 0 1],0,-2
17758,[1 0 2 0 0 1 0 2 2],-2,-3
4219,[1 2 0 0 1 2 2 1 0],-2,-2
19049,[2 1 1 0 1 0 2 2 2],0,1
5934,[0 1 2 0 1 0 2 2 0],0,-3
13125,[0 1 0 0 0 0 0 0 2],2,0
13993,[1 2 0 2 1 0 1 0 2],-2,-2
15534,[0 0 1 2 2 0 0 1 2],-1,-1
15837,[0 2 1 1 0 2 0 1 2],-2,-2
11819,[2 0 2 2 1 0 1 2 1],-2,-1
1211,[2 1 2 2 2 1 1 0 0],-2,-1
2746,[1 0 2 2 0 2 0 1 0],-1,-1
11010,[0 1 2 2 0 0 0 2 1],-2,-3
6585,[0 2 2 0 0 0 0 0 1],1,0
13595,[2 1 1 2 2 1 0 0 2],0,1
18651,[0 1 2 0 2 1 1 2 2],-2,-1
260,[2 2 1 0 0 1 0 0 0],-1,-3
15471,[0 0 0 0 2 0 0 1 2],-1,0
11011,[1 1 2 2 0 0 0 2 1],0,-2
1636,[1 2 1 0 2 0 2 0 0],-2,-3
19477,[1 0 1 1 0 2 2 2 2],0,1
12155,[2 1 0 0 0 2 1 2 1],-2,-2
13807,[1 0 1 1 2 2 0 0 2],0,-1
2905,[1 2 1 2 2 2 0 1 0],0,1
14303,[2 0 2 1 2 1 1 0 2],0,1
1133,[2 2 2 2 1 1 1 0 0],0,1
8499,[0 1 2 2 2 1 2 0 1],0,1
12539,[2 0 1 2 1 0 2 2 1],0,1
15268,[1 1 1 1 2 2 2 0 2],0,1
13469,[2 1 2 0 1 1 0 0 2],0,-1
3908,[2 0 2 0 0 1 2 1 0],-1,-1
16899,[0 2 2 1 1 0 2 1 2],1,0
11610,[0 0 0 1 2 2 0 2 1],-2,-3
15521,[2 1 2 1 2 0 0 1 2],0,1
4863,[0 1 0 0 0 2 0 2 0],-2,-1
8066,[2 0 2 1 0 0 2 0 1],-1,-1
232,[1 2 1 2 2 0 0 0 0],1,-1
5171,[2 1 1 2 0 0 1 2 0],0,-2
8153,[2 2 2 1 1 0 2 0 1],0,1
11723,[2 1 0 2 0 0 1 2 1],-2,-2
10023,[0 2 0 2 0 2 1 1 1],-1,1
10422,[0 0 0 2 2 0 2 1 1],-1,-1
17108,[2 2 1 0 1 1 2 1 2],1,0
16855,[1 2 0 0 1 0 2 1 2],0,-2
4514,[2 1 0 2 1 0 0 2 0],-2,-3
2346,[0 2 2 2 1 0 0 1 0],-2,-3
15939,[0 0 1 2 1 2 0 1 2],0,-1
8916,[0 2 0 0 2 0 0 1 1],0,-4
212,[2 1 2 1 2 0 0 0 0],-1,-1
2840,[2 1 0 0 2 2 0 1 0],-1,-1
2036,[2 0 1 0 1 2 2 0 0],-2,-3
2856,[0 1 2 0 2 2 0 1 0],-1,-1
12843,[0 0 2 1 2 1 2 2 1],0,1
573,[0 2 0 0 1 2 0 0 0],-2,-1
12577,[1 1 2 0 2 0 2 2 1],0,1
11684,[2 0 2 0 0 0 1 2 1],-2,-3
16705,[1 0 2 0 2 2 1 1 2],0,1
14325,[0 2 1 2 2 1 1 0 2],-1,-1
7106,[2 1 0 2 0 2 0 0 1],-1,-1
7064,[2 2 1 0 0 2 0 0 1],0,-2
13247,[2 2 1 1 1 0 0 0 2],0,-1
14317,[1 2 0 2 2 1 1 0 2],-2,-1
13481,[2 2 0 1 1 1 0 0 2],-1,1
15572,[2 0 2 0 0 1 0 1 2],-1,-1
10366,[1 2 2 2 1 0 2 1 1],0,1
7766,[2 2 1 2 2 1 1 0 1],-1,1
2149,[1 2 1 1 2 2 2 0 0],-2,-1
12256,[1 2 2 0 1 2 1 2 1],0,1
2408,[2 1 0 2 2 0 0 1 0],1,-1
15560,[2 2 0 0 0 1 0 1 2],-1,-1
1892,[2 0 0 1 2 1 2 0 0],-1,-1
12457,[1 0 1 2 0 0 2 2 1],0,-1
207,[0 0 2 1 2 0 0 0 0],-1,0
17580,[0 1 0 0 1 0 0 2 2],2,0
18637,[1 2 0 0 2 1 1 2 2],0,1
14583,[0 1 0 0 0 0 2 0 2],-1,0
14521,[1 1 2 0 2 2 1 0 2],0,1
6716,[2 0 2 2 1 0 0 0 1],-1,-1
11091,[0 1 2 2 1 0 0 2 1],-2,-2
15451,[1 2 0 2 1 0 0 1 2],-2,-2
1250,[2 2 0 1 0 2 1 0 0],-1,-3
14057,[2 2 1 1 2 0 1 0 2],0,1
8703,[0 0 1 1 2 2 2 0 1],0,-2
17217,[0 0 2 1 2 1 2 1 2],0,1
18584,[2 2 0 1 1 1 1 2 2],0,1
12889,[1 0 1 0 0 2 2 2 1],0,-1
17794,[1 0 0 2 0 1 0 2 2],-2,-3
18311,[2 1 0 0 1 0 1 2 2],-2,-2
7285,[1 1 2 2 2 2 0 0 1],0,1
8089,[1 2 1 2 0 0 2 0 1],-1,-1
18541,[1 0 2 2 0 1 1 2 2],-1,-1
12278,[2 0 2 1 1 2 1 2 1],1,0
18990,[0 0 1 1 0 0 2 2 2],0,1
15946,[1 2 1 2 1 2 0 1 2],-1,0
4173,[0 2 1 1 0 2 2 1 0],-2,-2
468,[0 0 1 2 2 1 0 0 0],0,-4
8447,[2 1 2 0 2 1 2 0 1],0,1
17376,[0 2 1 1 1 2 2 1 2],-1,0
5178,[0 1 2 2 0 0 1 2 0],-2,-3
65,[2 0 1 2 0 0 0 0 0],-1,2
1833,[0 2 2 1 1 1 2 0 0],-1,1
13090,[1 1 2 1 2 2 2 2 1],0,1
15414,[0 2 2 0 1 0 0 1 2],-1,-1
12699,[0 0 1 2 0 1 2 2 1],-1,1
2492,[2 2 0 2 0 1 0 1 0],-1,-1
8676,[0 0 1 0 2 2 2 0 1],0,-3
2854,[1 0 2 0 2 2 0 1 0],-1,-1
14626,[1 0 2 1 0 0 2 0 2],-1,-1
13727,[2 0 1 1 1 2 0 0 2],-2,-2
14150,[2 0 0 2 0 1 1 0 2],-2,-3
10779,[0 2 0 0 1 2 2 1 1],0,-2
4048,[1 2 2 2 1 1 2 1 0],-1,0
14004,[0 0 2 2 1 0 1 0 2],0,-3
5558,[2 1 2 1 2 1 1 2 0],1,0
16881,[0 2 0 1 1 0 2 1 2],-2,-2
8631,[0 0 2 1 1 2 2 0 1],-1,-2
16539,[0 2 1 0 0 2 1 1 2],0,-2
5618,[2 0 0 1 0 2 1 2 0],-1,-3
8094,[0 1 2 2 0 0 2 0 1],-1,-1
19239,[0 2 1 1 0 1 2 2 2],0,1
18984,[0 1 0 1 0 0 2 2 2],0,1
18544,[1 1 2 2 0 1 1 2 2],-1,0
19243,[1 0 2 1 0 1 2 2 2],0,1
8709,[0 2 1 1 2 2 2 0 1],-2,-1
5370,[0 2 2 0 0 1 1 2 0],-1,-1
4674,[0 1 0 2 0 1 0 2 0],0,2
2724,[0 2 2 1 0 2 0 1 0],-1,-1
3967,[1 2 2 2 0 1 2 1 0],-2,-1
1838,[2 0 0 2 1 1 2 0 0],0,1
1411,[1 2 0 1 2 2 1 0 0],-1,1
4424,[2 1 2 1 0 0 0 2 0],-2,-3
7047,[0 0 0 0 0 2 0 0 1],0,-2
11426,[2 1 0 0 0 2 0 2 1],-2,-3
2396,[2 0 2 1 2 0 0 1 0],-1,-1
12764,[2 0 2 1 1 1 2 2 1],0,1
13273,[1 2 1 2 1 0 0 0 2],-2,-2
18813,[0 1 2 0 1 2 1 2 2],0,1
12141,[0 0 2 2 2 1 1 2 1],-1,-1
4120,[1 2 1 2 2 1 2 1 0],-1,0
10370,[2 0 0 0 2 0 2 1 1],-1,-1
4476,[0 1 2 0 1 0 0 2 0],2,0
18031,[1 1 2 1 0 2 0 2 2],0,1
501,[0 2 1 0 0 2 0 0 0],-2,-1
17864,[2 2 1 1 1 1 0 2 2],0,1
11401,[1 2 0 2 2 1 0 2 1],0,1
10854,[0 0 0 0 2 2 2 1 1],1,-1
10970,[2 2 0 1 0 0 0 2 1],-1,-1
12169,[1 0 2 0 0 2 1 2 1],0,-1
5740,[1 2 1 2 1 2 1 2 0],0,1
1222,[1 2 0 0 0 2 1 0 0],-1,1
18246,[0 1 2 0 0 0 1 2 2],-2,-3
1956,[0 1 1 0 0 2 2 0 0],0,-2
3816,[0 0 1 0 2 0 2 1 0],0,-2
17510,[2 1 1 0 0 0 0 2 2],-1,-1
18610,[1 2 0 2 1 1 1 2 2],-2,0
12526,[1 2 2 1 1 0 2 2 1],0,1
7362,[0 0 2 2 0 0 1 0 1],-2,0
19062,[0 0 0 1 1 0 2 2 2],0,1
10869,[0 2 1 0 2 2 2 1 1],-2,-1
2708,[2 2 0 1 0 2 0 1 0],-2,-3
12778,[1 2 0 2 1 1 2 2 1],0,1
19348,[1 2 1 2 1 1 2 2 2],0,1
14724,[0 0 1 2 1 0 2 0 2],-1,-1
14731,[1 2 1 2 1 0 2 0 2],-2,-1
753,[0 2 2 0 0 0 1 0 0],0,1
18733,[1 1 2 0 0 2 1 2 2],0,1
2424,[0 1 2 2 2 0 0 1 0],-1,-1
637,[1 2 1 2 1 2 0 0 0],0,-1
2370,[0 1 2 0 2 0 0 1 0],2,0
11142,[0 0 2 1 2 0 0 2 1],-1,-1
3959,[2 2 1 2 0 1 2 1 0],0,1
14273,[2 2 1 0 2 1 1 0 2],0,1
12589,[1 2 0 1 2 0 2 2 1],0,1
11435,[2 1 1 0 0 2 0 2 1],0,-2
2367,[0 0 2 0 2 0 0 1 0],-1,0
18652,[1 1 2 0 2 1 1 2 2],-2,0
5581,[1 0 2 2 2 1 1 2 0],-1,-1
2207,[2 0 2 0 0 0 0 1 0],-1,0
10035,[0 0 2 2 0 2 1 1 1],-1,1
16939,[1 0 1 0 2 0 2 1 2],-1,-2
2366,[2 2 1 0 2 0 0 1 0],0,-2
12290,[2 1 0 2 1 2 1 2 1],-1,0
14382,[0 0 2 1 0 2 1 0 2],0,1
960,[0 2 1 2 2 0 1 0 0],-1,-1
11599,[1 2 1 0 2 2 0 2 1],0,1
4767,[0 2 1 2 1 1 0 2 0],0,-1
7799,[2 1 2 0 0 2 1 0 1],-1,-2
14167,[1 0 2 2 0 1 1 0 2],-2,-2
4721,[2 1 2 0 1 1 0 2 0],-2,-2
16905,[0 1 0 2 1 0 2 1 2],-1,1
6796,[1 0 2 2 2 0 0 0 1],-1,-1
4578,[0 2 1 1 2 0 0 2 0],0,1
12358,[1 0 2 1 2 2 1 2 1],0,1
3680,[2 2 0 1 0 0 2 1 0],-2,-3
16341,[0 2 0 2 0 1 1 1 2],0,-2
16629,[0 2 2 0 1 2 1 1 2],0,1
7913,[2 0 0 2 1 2 1 0 1],0,-1
17162,[2 2 1 2 1 1 2 1 2],0,1
13739,[2 1 2 1 1 2 0 0 2],0,1
13938,[0 2 0 0 1 0 1 0 2],2,0
2720,[2 0 2 1 0 2 0 1 0],-1,-1
8279,[2 2 1 0 0 1 2 0 1],-1,1
14275,[1 0 2 0 2 1 1 0 2],-1,-2
7136,[2 2 0 0 1 2 0 0 1],-2,-3
13640,[2 1 0 1 0 2 0 0 2],-1,-1
6221,[2 0 1 2 1 1 2 2 0],0,1
4667,[2 1 2 1 0 1 0 2 0],0,-2
14119,[1 2 2 0 0 1 1 0 2],-2,-2
11592,[0 0 1 0 2 2 0 2 1],-1,-1
15181,[1 2 0 1 1 2 2 0 2],-1,-1
4512,[0 1 0 2 1 0 0 2 0],0,2
19369,[1 0 1 0 2 1 2 2 2],0,1
17291,[2 0 1 1 0 2 2 1 2],-1,-1
16903,[1 0 0 2 1 0 2 1 2],-2,-2
17267,[2 1 1 0 0 2 2 1 2],1,0
10906,[1 2 2 1 2 2 2 1 1],0,1
7189,[1 2 0 2 1 2 0 0 1],-1,1
11195,[2 2 1 0 0 1 0 2 1],-1,1
12817,[1 0 2 0 2 1 2 2 1],0,1
1966,[1 1 2 0 0 2 2 0 0],-1,-1
14891,[2 1 1 2 0 1 2 0 2],0,1
13388,[2 1 2 0 0 1 0 0 2],0,-2
4531,[1 1 2 2 1 0 0 2 0],0,-2
8257,[1 1 2 2 2 0 2 0 1],0,1
16467,[0 2 2 0 2 1 1 1 2],-2,-1
17065,[1 0 0 2 0 1 2 1 2],-2,-2
12909,[0 1 0 1 0 2 2 2 1],-2,-2
1392,[0 2 1 0 2 2 1 0 0],-1,-1
8715,[0 1 2 1 2 2 2 0 1],0,1
10403,[2 2 0 1 2 0 2 1 1],-2,-1
2508,[0 2 2 2 0 1 0 1 0],-2,-3
752,[2 1 2 0 0 0 1 0 0],0,-2
9287,[2 2 2 1 0 2 0 1 1],0,1
936,[0 0 2 1 2 0 1 0 0],0,-2
18419,[2 1 0 1 2 0 1 2 2],0,1
1842,[0 2 0 2 1 1 2 0 0],-2,-3
11403,[0 0 1 2 2 1 0 2 1],-1,1
2850,[0 2 1 0 2 2 0 1 0],-2,-3
14166,[0 0 2 2 0 1 1 0 2],-2,-3
998,[2 2 2 0 0 1 1 0 0],0,1
7228,[1 0 2 0 2 2 0 0 1],-1,-1
15577,[1 2 2 0 0 1 0 1 2],-2,-2
8526,[0 1 2 0 0 2 2 0 1],0,-2
6615,[0 0 0 2 0 0 0 0 1],2,0
19231,[1 2 0 1 0 1 2 2 2],0,1
11605,[1 1 2 0 2 2 0 2 1],-1,-1
17739,[0 0 0 0 0 1 0 2 2],-1,0
17254,[1 0 0 0 0 2 2 1 2],-2,-3
5727,[0 1 0 2 1 2 1 2 0],-2,-2
1516,[1 1 0 2 0 0 2 0 0],0,1
17428,[1 1 1 0 2 2 2 1 2],0,1
746,[2 2 1 0 0 0 1 0 0],0,-2
7019,[2 2 2 1 2 1 0 0 1],0,1
19551,[0 1 0 1 1 2 2 2 2],0,1
12116,[2 0 2 1 2 1 1 2 1],1,0
17809,[1 2 1 2 0 1 0 2 2],-1,-1
13527,[0 0 0 0 2 1 0 0 2],-1,0
5190,[0 2 0 0 1 0 1 2 0],0,-3
12636,[0 0 0 0 0 1 2 2 1],0,-3
6189,[0 2 0 1 1 1 2 2 0],-1,1
5294,[2 0 0 1 2 0 1 2 0],-1,-1
4359,[0 1 1 2 2 2 2 1 0],0,1
17280,[0 0 0 1 0 2 2 1 2],-2,-3
13924,[1 0 2 2 0 0 1 0 2],-2,-3
14770,[1 0 0 1 2 0 2 0 2],-1,-1
6200,[2 2 1 1 1 1 2 2 0],0,1
4150,[1 0 2 0 0 2 2 1 0],-1,-1
7505,[2 2 2 1 2 0 1 0 1],0,1
13006,[1 0 2 1 1 2 2 2 1],0,1
19099,[1 0 1 2 1 0 2 2 2],0,1
1288,[1 0 2 2 0 2 1 0 0],-1,-1
18811,[1 0 2 0 1 2 1 2 2],0,1
1440,[0 0 1 2 2 2 1 0 0],1,1
4745,[2 0 2 1 1 1 0 2 0],0,1
14956,[1 2 2 1 1 1 2 0 2],0,1
19297,[1 0 2 0 1 1 2 2 2],0,1
12360,[0 1 2 1 2 2 1 2 1],-2,0
2706,[0 2 0 1 0 2 0 1 0],0,2
1985,[2 1 1 1 0 2 2 0 0],0,-2
12068,[2 2 2 2 1 1 1 2 1],0,1
2089,[1 0 1 2 1 2 2 0 0],0,-1
524,[2 0 1 1 0 2 0 0 0],-2,-2
1349,[2 2 2 1 1 2 1 0 0],0,1
19395,[0 0 1 1 2 1 2 2 2],0,1
10982,[2 0 2 1 0 0 0 2 1],-2,-3
5366,[2 0 2 0 0 1 1 2 0],-2,-3
17910,[0 0 1 0 2 1 0 2 2],-1,-1
10736,[2 2 1 1 0 2 2 1 1],-1,0
15,[0 2 1 0 0 0 0 0 0],0,-2
10898,[2 2 1 1 2 2 2 1 1],-1,1
6875,[2 2 1 2 0 1 0 0 1],-1,1
297,[0 0 0 2 0 1 0 0 0],0,-2
7772,[2 1 2 2 2 1 1 0 1],-2,0
12735,[0 0 2 0 1 1 2 2 1],0,-1
6738,[0 2 1 0 2 0 0 0 1],2,0
15735,[0 1 2 0 2 1 0 1 2],2,0
13806,[0 0 1 1 2 2 0 0 2],0,-2
754,[1 2 2 0 0 0 1 0 0],0,-3
19562,[2 1 1 1 1 2 2 2 2],0,1
17754,[0 2 1 0 0 1 0 2 2],-1,-1
15515,[2 2 1 1 2 0 0 1 2],0,1
1855,[1 0 2 2 1 1 2 0 0],-1,-2
16924,[1 1 2 2 1 0 2 1 2],0,1
12601,[1 0 2 1 2 0 2 2 1],0,1
16503,[0 2 0 2 2 1 1 1 2],-2,-1
4558,[1 1 2 0 2 0 0 2 0],0,-3
14958,[0 0 0 2 1 1 2 0 2],1,-1
4983,[0 2 1 1 1 2 0 2 0],-2,-2
14462,[2 2 1 1 1 2 1 0 2],0,1
13622,[2 1 1 0 0 2 0 0 2],0,-2
8435,[2 0 1 0 2 1 2 0 1],0,1
16247,[2 0 2 1 2 0 1 1 2],0,1
2616,[0 2 2 0 2 1 0 1 0],-1,-1
12971,[2 0 1 0 1 2 2 2 1],-2,-1
891,[0 0 0 0 2 0 1 0 0],0,-1
2509,[1 2 2 2 0 1 0 1 0],-2,-2
6990,[0 2 2 0 2 1 0 0 1],-1,-1
11039,[2 1 2 0 1 0 0 2 1],-2,-2
16522,[1 2 2 2 2 1 1 1 2],-1,1
8226,[0 0 2 1 2 0 2 0 1],0,1
12396,[0 1 0 0 0 0 2 2 1],-2,-4
3539,[2 0 0 2 1 2 1 1 0],0,-1
14948,[2 2 1 1 1 1 2 0 2],0,1
11902,[1 1 2 2 2 0 1 2 1],1,0
10172,[2 0 2 1 2 2 1 1 1],0,1
1378,[1 0 0 0 2 2 1 0 0],2,0
17179,[1 2 0 0 2 1 2 1 2],-2,-1
17949,[0 1 2 1 2 1 0 2 2],-1,-1
15214,[1 1 1 2 1 2 2 0 2],0,1
13306,[1 1 2 0 2 0 0 0 2],-1,-1
17699,[2 1 1 1 2 0 0 2 2],0,1
5341,[1 1 2 2 2 0 1 2 0],-2,-1
18283,[1 1 0 2 0 0 1 2 2],-2,-2
19333,[1 0 0 2 1 1 2 2 2],0,1
1502,[2 2 1 1 0 0 2 0 0],0,-2
4339,[1 0 2 1 2 2 2 1 0],0,1
15769,[1 0 0 2 2 1 0 1 2],0,-2
16197,[0 2 2 2 1 0 1 1 2],0,-1
13646,[2 0 1 1 0 2 0 0 2],-2,-3
52,[1 2 2 1 0 0 0 0 0],0,-3
11828,[2 0 0 0 2 0 1 2 1],-2,-3
15828,[0 2 0 1 0 2 0 1 2],-2,-3
15023,[2 0 1 1 2 1 2 0 2],0,1
4175,[2 2 1 1 0 2 2 1 0],-2,-1
12987,[0 0 0 1 1 2 2 2 1],-2,-2
749,[2 0 2 0 0 0 1 0 0],-1,0
4302,[0 0 1 0 2 2 2 1 0],0,-3
1187,[2 2 2 1 2 1 1 0 0],0,1
10875,[0 1 2 0 2 2 2 1 1],0,1
14622,[0 2 1 1 0 0 2 0 2],-2,-3
16730,[2 2 1 1 2 2 1 1 2],0,1
11552,[2 1 2 1 1 2 0 2 1],-1,0
4692,[0 1 2 2 0 1 0 2 0],-2,-3
19278,[0 0 0 0 1 1 2 2 2],0,1
4973,[2 1 0 1 1 2 0 2 0],0,-2
10419,[0 2 2 1 2 0 2 1 1],0,1
17188,[1 2 1 0 2 1 2 1 2],-1,0
3647,[2 0 0 0 0 0 2 1 0],-1,0
18271,[1 0 2 1 0 0 1 2 2],-1,1
5584,[1 1 2 2 2 1 1 2 0],-1,0
2210,[2 1 2 0 0 0 0 1 0],0,-2
11816,[2 2 1 2 1 0 1 2 1],0,1
11330,[2 2 1 2 1 1 0 2 1],0,1
13172,[2 1 2 1 0 0 0 0 2],-1,-1
18693,[0 0 1 2 2 1 1 2 2],-1,-1
5565,[0 1 0 2 2 1 1 2 0],-2,-2
15737,[2 1 2 0 2 1 0 1 2],0,1
183,[0 1 2 0 2 0 0 0 0],-1,0
15169,[1 1 2 0 1 2 2 0 2],0,1
11547,[0 0 2 1 1 2 0 2 1],-2,-2
13584,[0 1 0 2 2 1 0 0 2],0,-3
5053,[1 1 0 1 2 2 0 2 0],0,-1
10707,[0 2 1 0 0 2 2 1 1],0,-2
8070,[0 2 2 1 0 0 2 0 1],-1,-1
10259,[2 2 2 1 0 0 2 1 1],0,1
4327,[1 2 0 1 2 2 2 1 0],-2,-1
10386,[0 0 2 0 2 0 2 1 1],0,1
12831,[0 2 0 1 2 1 2 2 1],0,1
9224,[2 2 1 2 2 1 0 1 1],0,1
12306,[0 1 2 2 1 2 1 2 1],-2,0
836,[2 2 2 0 1 0 1 0 0],0,1
16451,[2 2 0 0 2 1 1 1 2],0,1
6094,[1 0 2 0 0 1 2 2 0],-1,-1
4944,[0 1 0 0 1 2 0 2 0],0,2
5529,[0 1 2 0 2 1 1 2 0],-2,-2
790,[1 2 0 2 0 0 1 0 0],0,2
13656,[0 1 2 1 0 2 0 0 2],0,1
10042,[1 2 2 2 0 2 1 1 1],0,1
7122,[0 1 2 2 0 2 0 0 1],0,-2
3828,[0 1 2 0 2 0 2 1 0],0,1
18982,[1 0 0 1 0 0 2 2 2],0,1
14155,[1 2 0 2 0 1 1 0 2],-2,-2
18321,[0 2 1 0 1 0 1 2 2],-1,1
1634,[2 1 1 0 2 0 2 0 0],-1,-1
15999,[0 2 1 1 2 2 0 1 2],-2,-1
13912,[1 2 0 2 0 0 1 0 2],-2,-3
5514,[0 2 0 0 2 1 1 2 0],0,1
16825,[1 1 0 2 0 0 2 1 2],0,-1
11832,[0 2 0 0 2 0 1 2 1],0,1
14252,[2 1 2 2 1 1 1 0 2],-2,0
6447,[0 1 2 1 1 2 2 2 0],-2,-1
1352,[2 0 0 2 1 2 1 0 0],1,0
11549,[2 0 2 1 1 2 0 2 1],-1,-1
1528,[1 2 1 2 0 0 2 0 0],0,-2
19153,[1 0 1 1 2 0 2 2 2],0,1
17582,[2 1 0 0 1 0 0 2 2],0,-3
7475,[2 1 2 0 2 0 1 0 1],-1,-2
14246,[2 2 1 2 1 1 1 0 2],0,1
4505,[2 1 2 1 1 0 0 2 0],-1,-2
8417,[2 0 2 2 1 1 2 0 1],0,1
15749,[2 2 0 1 2 1 0 1 2],0,1
5646,[0 1 0 2 0 2 1 2 0],-2,-3
16707,[0 1 2 0 2 2 1 1 2],0,1
12448,[1 0 0 2 0 0 2 2 1],1,0
17201,[2 0 0 1 2 1 2 1 2],0,1
18608,[2 1 0 2 1 1 1 2 2],-1,0
4256,[2 2 1 1 1 2 2 1 0],-1,0
13731,[0 2 1 1 1 2 0 0 2],-2,-2
10721,[2 0 0 1 0 2 2 1 1],0,-2
17017,[1 2 0 0 0 1 2 1 2],-2,-2
4281,[0 2 1 2 1 2 2 1 0],-2,-1
17872,[1 2 2 1 1 1 0 2 2],0,1
16023,[0 1 1 2 2 2 0 1 2],0,1
11617,[1 2 0 1 2 2 0 2 1],0,1
4991,[2 1 2 1 1 2 0 2 0],-1,-1
14994,[0 0 1 0 2 1 2 0 2],1,-1
6359,[2 1 1 1 0 2 2 2 0],-2,-1
2011,[1 1 1 2 0 2 2 0 0],-1,1
11688,[0 2 2 0 0 0 1 2 1],-1,-1
13591,[1 0 1 2 2 1 0 0 2],0,-2
6210,[0 0 0 2 1 1 2 2 0],-1,-1
11851,[1 2 2 0 2 0 1 2 1],0,1
14319,[0 0 1 2 2 1 1 0 2],2,0
17902,[1 0 0 0 2 1 0 2 2],-1,-1
98,[2 2 1 0 1 0 0 0 0],-2,-4
4779,[0 0 0 0 2 1 0 2 0],1,0
5779,[1 0 0 1 2 2 1 2 0],-1,1
2942,[2 2 2 0 0 0 1 1 0],0,1
1992,[0 1 2 1 0 2 2 0 0],-1,-1
14557,[1 1 0 2 2 2 1 0 2],0,1
17205,[0 2 0 1 2 1 2 1 2],-1,-1
11454,[0 2 0 1 0 2 0 2 1],-2,-3
1432,[1 0 0 2 2 2 1 0 0],1,1
17028,[0 0 2 0 0 1 2 1 2],0,-2
11104,[1 2 0 0 2 0 0 2 1],0,1
2504,[2 0 2 2 0 1 0 1 0],-1,-1
18066,[0 1 0 0 1 2 0 2 2],-1,-1
11034,[0 0 2 0 1 0 0 2 1],0,-2
15096,[0 1 0 1 0 2 2 0 2],-1,-1
5899,[1 1 1 2 0 0 2 2 0],-1,1
5272,[1 2 0 0 2 0 1 2 0],0,1
11844,[0 0 2 0 2 0 1 2 1],-2,-3
15486,[0 2 1 0 2 0 0 1 2],0,-3
1453,[1 1 2 2 2 2 1 0 0],0,1
16774,[1 2 0 0 0 0 2 1 2],-2,-3
11149,[1 2 2 1 2 0 0 2 1],0,1
14254,[1 2 2 2 1 1 1 0 2],-1,0
19229,[2 1 0 1 0 1 2 2 2],0,1
13753,[1 0 1 2 1 2 0 0 2],0,-1
15407,[2 2 1 0 1 0 0 1 2],-2,-2
4507,[1 2 2 1 1 0 0 2 0],0,-1
4163,[2 1 0 1 0 2 2 1 0],0,-2
9450,[0 0 0 2 2 2 0 1 1],0,1
8120,[2 0 2 0 1 0 2 0 1],-1,-1
2054,[2 0 0 1 1 2 2 0 0],-2,-3
16578,[0 0 0 2 0 2 1 1 2],-1,-1
5153,[2 1 2 1 0 0 1 2 0],0,-2
6756,[0 2 0 1 2 0 0 0 1],2,0
8156,[2 0 0 2 1 0 2 0 1],0,1
12680,[2 2 1 1 0 1 2 2 1],0,1
7928,[2 2 1 2 1 2 1 0 1],0,1
15370,[1 2 0 2 0 0 0 1 2],-2,-3
8186,[2 1 0 0 2 0 2 0 1],-1,-1
15115,[1 1 2 1 0 2 2 0 2],0,1
4672,[1 0 0 2 0 1 0 2 0],-2,0
11537,[2 2 0 1 1 2 0 2 1],-2,-1
1766,[2 0 1 2 0 1 2 0 0],0,1
14371,[1 2 0 1 0 2 1 0 2],-1,1
12089,[2 0 2 0 2 1 1 2 1],-2,-1
5419,[1 0 2 2 0 1 1 2 0],-2,-2
10349,[2 2 0 2 1 0 2 1 1],0,1
18743,[2 1 0 1 0 2 1 2 2],-1,-1
6007,[1 1 1 0 2 0 2 2 0],-1,1
10667,[2 0 0 2 2 1 2 1 1],0,1
5720,[2 1 2 1 1 2 1 2 0],1,0
11554,[1 2 2 1 1 2 0 2 1],0,1
14443,[1 2 2 0 1 2 1 0 2],0,1
12807,[0 0 1 0 2 1 2 2 1],0,1
480,[0 1 2 2 2 1 0 0 0],0,-3
14332,[1 1 2 2 2 1 1 0 2],-1,0
3706,[1 2 0 2 0 0 2 1 0],-2,-3
13741,[1 2 2 1 1 2 0 0 2],0,1
15893,[2 2 1 0 1 2 0 1 2],1,0
5287,[1 1 2 0 2 0 1 2 0],-2,-2
1598,[2 1 0 2 1 0 2 0 0],0,1
5815,[1 0 1 2 2 2 1 2 0],0,1
12312,[0 0 0 0 2 2 1 2 1],1,-1
19341,[0 0 1 2 1 1 2 2 2],0,1
2823,[0 2 1 2 1 2 0 1 0],-2,-2
14999,[2 1 1 0 2 1 2 0 2],0,1
12963,[0 1 0 0 1 2 2 2 1],-2,-2
7934,[2 1 2 2 1 2 1 0 1],-2,0
4336,[1 2 1 1 2 2 2 1 0],-1,0
2256,[0 2 1 2 0 0 0 1 0],-2,0
1771,[1 2 1 2 0 1 2 0 0],-2,-2
15465,[0 1 2 2 1 0 0 1 2],0,1
5328,[0 0 1 2 2 0 1 2 0],-1,-1
146,[2 0 1 2 1 0 0 0 0],2,0
2869,[1 2 0 1 2 2 0 1 0],-2,-2
4824,[0 0 2 1 2 1 0 2 0],-1,-1
16917,[0 2 1 2 1 0 2 1 2],-1,-1
15459,[0 2 1 2 1 0 0 1 2],-2,-2
12556,[1 0 0 0 2 0 2 2 1],-1,-1
1049,[2 1 2 2 0 1 1 0 0],-2,-2
684,[0 0 1 1 2 2 0 0 0],0,-4
11243,[2 0 1 2 0 1 0 2 1],-1,1
10635,[0 2 2 0 2 1 2 1 1],0,1
1447,[1 2 1 2 2 2 1 0 0],0,1
3786,[0 2 0 2 1 0 2 1 0],-2,-3
17069,[2 1 0 2 0 1 2 1 2],0,1
7361,[2 2 1 2 0 0 1 0 1],0,-1
505,[1 0 2 0 0 2 0 0 0],-1,0
11535,[0 2 0 1 1 2 0 2 1],-2,-2
16892,[2 2 1 1 1 0 2 1 2],-1,0
8315,[2 2 2 1 0 1 2 0 1],0,1
9213,[0 2 0 2 2 1 0 1 1],0,-1
14834,[2 0 1 0 0 1 2 0 2],-1,-1
13300,[1 2 1 0 2 0 0 0 2],-2,-3
5714,[2 2 1 1 1 2 1 2 0],0,1
2814,[0 2 0 2 1 2 0 1 0],0,-2
13004,[2 2 1 1 1 2 2 2 1],-1,1
4834,[1 0 0 2 2 1 0 2 0],-2,-3
4123,[1 0 2 2 2 1 2 1 0],0,1
16585,[1 2 0 2 0 2 1 1 2],-1,-1
12122,[2 2 2 1 2 1 1 2 1],0,1
5677,[1 2 0 0 1 2 1 2 0],0,-1
267,[0 2 2 0 0 1 0 0 0],-1,0
4111,[1 2 0 2 2 1 2 1 0],-2,-1
4759,[1 2 0 2 1 1 0 2 0],-2,-2
6702,[0 2 0 2 1 0 0 0 1],0,2
3400,[1 2 2 2 2 1 1 1 0],-2,0
11831,[2 1 0 0 2 0 1 2 1],-1,-2
1496,[2 0 1 1 0 0 2 0 0],0,-2
15576,[0 2 2 0 0 1 0 1 2],-2,-3
5164,[1 2 0 2 0 0 1 2 0],0,-2
19093,[1 1 0 2 1 0 2 2 2],0,1
13203,[0 0 0 0 1 0 0 0 2],0,-2
4263,[0 2 2 1 1 2 2 1 0],-1,-1
19261,[1 0 1 2 0 1 2 2 2],0,1
4770,[0 0 2 2 1 1 0 2 0],0,-3
788,[2 1 0 2 0 0 1 0 0],0,2
7883,[2 2 2 0 1 2 1 0 1],0,1
2193,[0 2 0 0 0 0 0 1 0],0,-2
3744,[0 0 2 0 1 0 2 1 0],0,-4
888,[0 2 2 2 1 0 1 0 0],-2,-3
4800,[0 1 2 0 2 1 0 2 0],0,-3
11729,[2 0 1 2 0 0 1 2 1],0,-1
4733,[2 2 0 1 1 1 0 2 0],-1,1
5157,[0 0 0 2 0 0 1 2 0],-2,-1
2119,[1 1 1 0 2 2 2 0 0],-1,1
6201,[0 0 2 1 1 1 2 2 0],-1,1
11877,[0 2 2 1 2 0 1 2 1],0,1
2680,[1 2 0 0 0 2 0 1 0],-2,0
18966,[0 1 1 0 0 0 2 2 2],0,1
16932,[0 1 0 0 2 0 2 1 2],-1,-1
10887,[0 2 0 1 2 2 2 1 1],-2,-1
2718,[0 0 2 1 0 2 0 1 0],0,2
1215,[0 0 0 0 0 2 1 0 0],2,0
13800,[0 1 0 1 2 2 0 0 2],-1,-1
11251,[1 0 2 2 0 1 0 2 1],0,-2
7072,[1 2 2 0 0 2 0 0 1],1,0
5280,[0 2 1 0 2 0 1 2 0],0,1
16463,[2 0 2 0 2 1 1 1 2],0,1
3347,[2 2 2 0 2 1 1 1 0],0,1
5848,[1 2 1 0 0 0 2 2 0],-1,-1
18714,[0 1 0 0 0 2 1 2 2],0,-2
10610,[2 2 2 2 1 1 2 1 1],0,1
4169,[2 0 1 1 0 2 2 1 0],-2,-2
3797,[2 2 1 2 1 0 2 1 0],0,1
6876,[0 0 2 2 0 1 0 0 1],2,0
16202,[2 0 0 0 2 0 1 1 2],0,1
18361,[1 0 0 2 1 0 1 2 2],-2,-2
195,[0 2 0 1 2 0 0 0 0],1,0
8621,[2 2 0 1 1 2 2 0 1],-2,-1
10361,[2 0 2 2 1 0 2 1 1],0,1
2661,[0 2 1 2 2 1 0 1 0],-2,-2
6151,[1 1 2 2 0 1 2 2 0],-1,-1
18628,[1 2 2 2 1 1 1 2 2],-1,1
4794,[0 2 1 0 2 1 0 2 0],0,1
13853,[2 0 0 0 0 0 1 0 2],-1,0
19003,[1 1 2 1 0 0 2 2 2],0,1
17349,[0 2 1 0 1 2 2 1 2],-2,-1
11077,[1 2 0 2 1 0 0 2 1],-1,1
18567,[0 0 2 0 1 1 1 2 2],-2,-2
5122,[1 0 2 0 0 0 1 2 0],-2,0
219,[0 1 0 2 2 0 0 0 0],-1,0
5639,[2 1 2 1 0 2 1 2 0],-2,-1
5504,[2 1 2 2 1 1 1 2 0],-1,0
14986,[1 0 0 0 2 1 2 0 2],-1,-1
1654,[1 2 0 1 2 0 2 0 0],-1,-1
1558,[1 0 2 0 1 0 2 0 0],0,-2
8538,[0 2 0 1 0 2 2 0 1],-2,-3
881,[2 2 1 2 1 0 1 0 0],0,1
8468,[2 2 1 1 2 1 2 0 1],0,1
14441,[2 1 2 0 1 2 1 0 2],0,1
9251,[2 2 1 0 0 2 0 1 1],-2,-2
8034,[0 2 1 0 0 0 2 0 1],-2,-2
3670,[1 2 2 0 0 0 2 1 0],-2,-3
622,[1 0 0 2 1 2 0 0 0],0,-3
1976,[2 1 0 1 0 2 2 0 0],-2,-3
13926,[0 1 2 2 0 0 1 0 2],-2,-3
5402,[2 0 0 2 0 1 1 2 0],0,-2
440,[2 2 0 1 2 1 0 0 0],-1,-1
14581,[1 0 0 0 0 0 2 0 2],-1,0
13886,[2 2 0 1 0 0 1 0 2],-1,-1
4540,[1 1 0 0 2 0 0 2 0],0,-4
3779,[2 2 2 1 1 0 2 1 0],0,1
4970,[2 0 0 1 1 2 0 2 0],-2,-3
4233,[0 1 2 0 1 2 2 1 0],-1,1
10262,[2 0 0 2 0 0 2 1 1],0,1
4798,[1 0 2 0 2 1 0 2 0],-1,-1
6730,[1 2 0 0 2 0 0 0 1],2,0
12862,[1 0 1 2 2 1 2 2 1],0,1
7254,[0 0 2 1 2 2 0 0 1],0,-2
4509,[0 0 0 2 1 0 0 2 0],0,-1
10727,[2 2 0 1 0 2 2 1 1],-2,-1
11093,[2 1 2 2 1 0 0 2 1],-1,-1
15107,[2 1 1 1 0 2 2 0 2],0,-1
5623,[1 2 0 1 0 2 1 2 0],-1,1
8369,[2 2 2 0 1 1 2 0 1],0,1
478,[1 0 2 2 2 1 0 0 0],0,-3
16270,[1 2 1 2 2 0 1 1 2],1,0
14253,[0 2 2 2 1 1 1 0 2],-2,-1
5243,[2 1 0 2 1 0 1 2 0],-2,-2
18543,[0 1 2 2 0 1 1 2 2],-2,-1
13506,[0 2 0 2 1 1 0 0 2],0,-3
18391,[1 1 0 0 2 0 1 2 2],0,-1
4563,[0 0 0 1 2 0 0 2 0],1,0
7082,[2 2 0 1 0 2 0 0 1],-2,-3
15613,[1 2 0 2 0 1 0 1 2],-2,-2
206,[2 2 1 1 2 0 0 0 0],-1,-1
316,[1 0 2 2 0 1 0 0 0],-2,0
4829,[2 1 2 1 2 1 0 2 0],-1,-1
11546,[2 2 1 1 1 2 0 2 1],-1,0
15958,[1 0 0 0 2 2 0 1 2],-1,-1
2403,[0 0 0 2 2 0 0 1 0],1,0
17320,[1 1 1 2 0 2 2 1 2],0,1
7091,[2 2 1 1 0 2 0 0 1],-2,-2
14011,[1 2 2 2 1 0 1 0 2],-1,-1
13332,[0 1 2 1 2 0 0 0 2],-1,-1
11876,[2 1 2 1 2 0 1 2 1],-1,0
908,[2 2 1 0 2 0 1 0 0],-1,-1
15811,[1 2 1 0 0 2 0 1 2],-2,-2
1238,[2 1 2 0 0 2 1 0 0],-2,-3
18842,[2 1 2 1 1 2 1 2 2],0,1
1526,[2 1 1 2 0 0 2 0 0],0,1
12647,[2 0 1 0 0 1 2 2 1],0,1
14594,[2 1 1 0 0 0 2 0 2],-1,-1
11478,[0 1 0 2 0 2 0 2 1],-2,-3
8422,[1 2 2 2 1 1 2 0 1],0,1
4908,[0 1 2 1 0 2 0 2 0],-2,-3
18555,[0 2 0 0 1 1 1 2 2],0,-1
15973,[1 2 1 0 2 2 0 1 2],-1,-1
2080,[1 0 0 2 1 2 2 0 0],1,0
15326,[2 2 1 0 0 0 0 1 2],-2,-3
3826,[1 0 2 0 2 0 2 1 0],0,1
16701,[0 2 1 0 2 2 1 1 2],-1,-1
1908,[0 0 2 1 2 1 2 0 0],0,1
16355,[2 0 2 2 0 1 1 1 2],-1,-1
2294,[2 2 2 0 1 0 0 1 0],0,1
19346,[2 1 1 2 1 1 2 2 2],0,1
10859,[2 1 0 0 2 2 2 1 1],-1,-1
6348,[0 1 0 1 0 2 2 2 0],-2,-3
16526,[2 0 0 0 0 2 1 1 2],-1,-1
11509,[1 2 0 0 1 2 0 2 1],-1,1
5333,[2 1 1 2 2 0 1 2 0],-1,-1
5916,[0 1 0 0 1 0 2 2 0],2,0
4160,[2 0 0 1 0 2 2 1 0],-2,-3
11625,[0 2 1 1 2 2 0 2 1],0,1
13644,[0 0 1 1 0 2 0 0 2],-2,0
15768,[0 0 0 2 2 1 0 1 2],0,-3
2,[2 0 0 0 0 0 0 0 0],0,-3
17086,[1 1 2 2 0 1 2 1 2],1,0
106,[1 2 2 0 1 0 0 0 0],-2,-4
10267,[1 2 0 2 0 0 2 1 1],0,-2
16117,[1 2 2 2 0 0 1 1 2],-1,-1
1259,[2 2 1 1 0 2 1 0 0],0,-2
15476,[2 1 0 0 2 0 0 1 2],0,1
12891,[0 1 1 0 0 2 2 2 1],-2,-2
17012,[2 0 0 0 0 1 2 1 2],-1,-1
18621,[0 0 2 2 1 1 1 2 2],-2,-1
14513,[2 1 1 0 2 2 1 0 2],0,1
15382,[1 0 2 2 0 0 0 1 2],-2,-3
12422,[2 0 0 1 0 0 2 2 1],0,-2
519,[0 2 0 1 0 2 0 0 0],-2,-1
16062,[0 2 2 0 0 0 1 1 2],-1,-1
2382,[0 2 0 1 2 0 0 1 0],0,-2
3239,[2 2 2 2 0 1 1 1 0],0,1
11333,[2 0 2 2 1 1 0 2 1],0,-1
17337,[0 1 0 0 1 2 2 1 2],-1,1
10896,[0 2 1 1 2 2 2 1 1],-2,0
7247,[2 0 1 1 2 2 0 0 1],-1,-2
12254,[2 1 2 0 1 2 1 2 1],-1,0
6402,[0 1 0 0 1 2 2 2 0],0,-3
15528,[0 1 0 2 2 0 0 1 2],-1,-1
6361,[1 2 1 1 0 2 2 2 0],-1,-1
4470,[0 2 1 0 1 0 0 2 0],0,-3
17968,[1 1 1 2 2 1 0 2 2],0,1
2205,[0 0 2 0 0 0 0 1 0],2,0
13997,[2 0 1 2 1 0 1 0 2],0,1
7988,[2 1 2 1 2 2 1 0 1],-1,0
10415,[2 0 2 1 2 0 2 1 1],0,1
12425,[2 1 0 1 0 0 2 2 1],-2,-2
4552,[1 2 1 0 2 0 0 2 0],0,1
8471,[2 0 2 1 2 1 2 0 1],0,1
8615,[2 0 0 1 1 2 2 0 1],-2,-2
5590,[1 0 0 0 0 2 1 2 0],-1,-1
7451,[2 2 2 2 1 0 1 0 1],0,1
1596,[0 1 0 2 1 0 2 0 0],2,0
12144,[0 1 2 2 2 1 1 2 1],-1,0
11130,[0 2 0 1 2 0 0 2 1],0,1
11363,[2 1 2 0 2 1 0 2 1],-2,-1
15443,[2 2 2 1 1 0 0 1 2],0,1
13268,[2 0 1 2 1 0 0 0 2],2,0
8534,[2 0 0 1 0 2 2 0 1],-2,-3
8537,[2 1 0 1 0 2 2 0 1],-2,-2
18663,[0 2 0 1 2 1 1 2 2],0,1
12292,[1 2 0 2 1 2 1 2 1],0,1
17538,[0 2 1 1 0 0 0 2 2],-1,-1
3543,[0 2 0 2 1 2 1 1 0],0,-1
14394,[0 1 0 2 0 2 1 0 2],-1,-1
17016,[0 2 0 0 0 1 2 1 2],-2,-3
11873,[2 0 2 1 2 0 1 2 1],-2,-1
13383,[0 0 2 0 0 1 0 0 2],0,-2
14668,[1 2 0 0 1 0 2 0 2],0,-3
17224,[1 2 2 1 2 1 2 1 2],0,1
5209,[1 2 2 0 1 0 1 2 0],0,-1
11561,[2 1 0 2 1 2 0 2 1],-2,-1
8171,[2 2 1 2 1 0 2 0 1],0,1
735,[0 2 0 0 0 0 1 0 0],2,0
16783,[1 2 1 0 0 0 2 1 2],-2,-2
3818,[2 0 1 0 2 0 2 1 0],-1,-1
13133,[2 0 1 0 0 0 0 0 2],-1,0
3710,[2 0 1 2 0 0 2 1 0],0,1
238,[1 1 2 2 2 0 0 0 0],-1,-1
3663,[0 0 2 0 0 0 2 1 0],-2,0
14488,[1 2 1 2 1 2 1 0 2],0,1
9716,[2 1 2 2 2 0 1 1 1],0,1
7112,[2 0 1 2 0 2 0 0 1],-1,-1
3782,[2 0 0 2 1 0 2 1 0],0,1
497,[2 0 1 0 0 2 0 0 0],-2,0
14844,[0 1 2 0 0 1 2 0 2],-1,-1
14059,[1 0 2 1 2 0 1 0 2],0,1
11597,[2 1 1 0 2 2 0 2 1],-2,-1
11111,[2 1 1 0 2 0 0 2 1],-1,-2
11647,[1 0 1 2 2 2 0 2 1],0,1
7038,[0 0 2 2 2 1 0 0 1],0,-3
2760,[0 2 0 0 1 2 0 1 0],0,2
16909,[1 2 0 2 1 0 2 1 2],-2,-1
4812,[0 2 0 1 2 1 0 2 0],0,1
16971,[0 2 1 1 2 0 2 1 2],-2,-1
17035,[1 2 2 0 0 1 2 1 2],-1,-1
1510,[1 2 2 1 0 0 2 0 0],0,-2
554,[2 1 1 2 0 2 0 0 0],-1,-1
14308,[1 2 2 1 2 1 1 0 2],0,1
1927,[1 0 1 2 2 1 2 0 0],0,-1
15783,[0 2 1 2 2 1 0 1 2],-2,-1
11613,[0 1 0 1 2 2 0 2 1],-2,-2
19211,[2 1 1 0 0 1 2 2 2],0,1
16175,[2 0 0 2 1 0 1 1 2],0,-1
